Employee_Name,EmpID,MarriedID,MaritalStatusID,GenderID,EmpStatusID,DeptID,PerfScoreID,FromDiversityJobFairID,PayRate,Termd,PositionID,Position,State,Zip,DOB,Sex,MaritalDesc,CitizenDesc,HispanicLatino,RaceDesc,DateofHire,EmploymentStatus,Department,ManagerName,ManagerID,RecruitmentSource,PerformanceScore,EngagementSurvey,EmpSatisfaction,SpecialProjectsCount,clusters
"Brown, Mia",1103024456,1,1,0,1,5,2,1,59,0,20,Tester,WI,1450,11/24/1987,F,Married,US Citizen,No,Black or African American,10/27/2008,Active,Admin Offices,Brandon R. LeBlanc,1.0,Diversity Job Fair,Fully Meets,2.04,2,6,0
"LaRotonda, William  ",1106026572,0,2,1,1,1,2,0,68,0,20,Tester,TX,1460,4/26/1984,M ,Divorced,US Citizen,No,Black or African American,1/6/2014,Active,Admin Offices,Brandon R. LeBlanc,1.0,Website Banner Ads,Fully Meets,5.0,4,4,0
"Steans, Tyrone  ",1302053333,0,0,1,1,4,2,0,50,0,20,Tester,TX,2703,9/1/1986,M ,Single,US Citizen,No,White,9/29/2014,Active,Admin Offices,Brandon R. LeBlanc,1.0,Internet Search,Fully Meets,3.9,5,5,0
"Howard, Estelle",1211050782,1,1,0,1,4,2,0,54,1,20,Tester,NC,2170,9/16/1985,F,Married,US Citizen,No,White,2/16/2015,Terminated for Cause,Admin Offices,Brandon R. LeBlanc,1.0,Pay Per Click - Google,Fully Meets,3.24,3,4,0
"Singh, Nan ",1307059817,0,0,0,1,4,1,0,70,0,20,Tester,CA,2330,5/19/1988,F,Single,US Citizen,No,White,5/1/2015,Active,Admin Offices,Brandon R. LeBlanc,1.0,Website Banner Ads,Fully Meets,5.0,3,5,0
"Smith, Leigh Ann",711007713,1,1,0,5,4,2,1,64,1,20,Tester,IN,1844,6/14/1987,F,Married,US Citizen,No,Asian,9/26/2011,Voluntarily Terminated,Admin Offices,Brandon R. LeBlanc,1.0,Diversity Job Fair,Fully Meets,3.8,4,4,0
"Bunbury, Jessica",1504073368,1,1,0,5,6,1,0,134,1,3,Technical Architect,NY,21851,6/1/1964,F,Married,Eligible NonCitizen,No,Black or African American,8/15/2011,Voluntarily Terminated,Sales,John Smith,17.0,Social Networks - Facebook Twitter etc,Fully Meets,3.14,5,0,3
"Carter, Michelle ",1403065721,0,0,0,1,4,1,0,123,0,3,Technical Architect,FL,5664,5/15/1963,F,Single,US Citizen,No,White,8/18/2014,Active,Sales,John Smith,17.0,Billboard,Fully Meets,5.0,5,0,3
"Dietrich, Jenna  ",1408069481,0,0,0,1,6,4,0,128,0,3,Technical Architect,TX,98052,5/14/1987,F,Single,US Citizen,Yes,White,2/20/2012,Active,Sales,John Smith,17.0,Website Banner Ads,PIP,2.3,1,0,3
"Digitale, Alfred",1306059197,1,1,1,1,1,4,0,134,0,3,Technical Architect,MD,3062,9/14/1988,M ,Married,US Citizen,No,American Indian or Alaska Native,8/18/2014,Active,Sales,John Smith,17.0,Pay Per Click - Google,Fully Meets,3.6,5,0,3
"Friedman, Gerry",1204032843,0,0,1,1,4,2,1,128,0,3,Technical Architect,CT,10171,2/24/1969,M ,Single,US Citizen,Yes,Two or more races,3/7/2011,Active,Sales,John Smith,17.0,Diversity Job Fair,Fully Meets,3.65,5,0,3
"Gill, Whitney  ",1302053046,0,4,0,4,5,3,0,121,1,3,Technical Architect,DC,43050,7/10/1971,F,Widowed,US Citizen,No,Black or African American,7/7/2014,Terminated for Cause,Sales,John Smith,17.0,Monster.com,Fully Meets,3.97,4,0,3
"Gonzales, Ricardo",1411071481,1,1,1,1,3,1,0,136,0,3,Technical Architect,KS,83706,10/12/1954,M ,Married,US Citizen,No,White,5/12/2014,Active,Sales,John Smith,17.0,Monster.com,Fully Meets,3.98,3,0,3
"Guilianno, Mike",1001167253,0,0,1,5,5,3,0,130,1,3,Technical Architect,TX,37129,2/9/1969,M ,Single,US Citizen,No,Two or more races,3/7/2011,Voluntarily Terminated,Sales,John Smith,17.0,Newspager/Magazine,Fully Meets,4.5,5,0,3
"Leruth, Giovanni",1412071660,0,3,1,1,1,1,0,149,0,3,Technical Architect,MI,84111,12/27/1988,M ,Separated,US Citizen,No,Black or African American,4/30/2012,Active,Sales,John Smith,17.0,Website Banner Ads,Fully Meets,4.53,3,0,3
"Mullaney, Howard",1306057978,0,0,1,1,3,3,0,128,0,3,Technical Architect,OR,36006,11/2/1975,M ,Single,US Citizen,No,Two or more races,9/29/2014,Active,Sales,John Smith,17.0,Internet Search,PIP,1.93,3,0,3
"Ozark, Travis",812011761,0,0,1,1,5,2,0,131,0,3,Technical Architect,WV,27229,5/19/1982,M ,Single,US Citizen,No,White,1/5/2015,Active,Sales,John Smith,17.0,Website Banner Ads,Fully Meets,5.0,5,0,3
"Strong, Caitrin",1411071295,1,1,0,1,2,2,0,133,0,3,Technical Architect,NC,59102,5/12/1989,F,Married,US Citizen,No,Black or African American,9/27/2010,Active,Sales,John Smith,17.0,Professional Society,Fully Meets,2.0,4,0,3
"Valentin,Jackie",1312063714,1,1,0,1,4,1,0,125,0,3,Technical Architect,OH,85006,5/23/1991,F,Married,US Citizen,No,Two or more races,7/5/2011,Active,Sales,John Smith,17.0,Other,Fully Meets,2.81,3,0,3
"Villanueva, Noah",1111030503,0,0,1,1,3,2,0,131,0,3,Technical Architect,CO,4063,7/11/1989,M ,Single,US Citizen,No,Asian,3/5/2012,Active,Sales,John Smith,17.0,Website Banner Ads,Fully Meets,1.77,4,0,3
"Buck, Edward",1504073313,1,1,1,1,1,2,0,129,0,3,Technical Architect,MA,2330,7/7/1975,M ,Married,US Citizen,No,White,9/29/2014,Active,Sales,Lynn Daneault,21.0,Employee Referral,Fully Meets,3.31,5,0,3
"Costa, Latia",1409070567,0,0,0,1,4,2,0,127,0,3,Technical Architect,AR,90007,11/8/1988,F,Single,US Citizen,No,White,1/10/2011,Active,Sales,Lynn Daneault,21.0,Other,Exceeds,4.77,5,0,3
"Fraval, Maruk ",1411071302,0,0,1,1,5,1,0,124,0,3,Technical Architect,TX,6050,8/28/1963,M ,Single,US Citizen,No,Black or African American,9/6/2011,Active,Sales,Lynn Daneault,21.0,Monster.com,Fully Meets,1.64,3,0,3
"Givens, Myriam",1203032099,0,0,0,1,1,3,0,136,0,3,Technical Architect,OH,46204,9/22/1989,F,Single,US Citizen,No,White,2/16/2015,Active,Sales,Lynn Daneault,21.0,Pay Per Click - Google,Fully Meets,1.72,5,0,3
Jeremy Prater,1001084890,1,1,1,1,4,2,0,136,0,3,Technical Architect,VA,89139,5/9/1974,M ,Married,US Citizen,No,White,5/12/2014,Active,Sales,Lynn Daneault,21.0,Website Banner Ads,PIP,1.81,2,0,3
"Khemmich, Bartholemew",1104025008,0,0,1,1,6,1,0,139,0,3,Technical Architect,CA,80820,11/27/1979,M ,Single,US Citizen,No,White,8/19/2013,Active,Sales,Lynn Daneault,21.0,Pay Per Click - Google,Fully Meets,2.19,5,0,3
"Martins, Joseph",1209048771,0,0,1,1,3,3,0,130,0,3,Technical Architect,TX,78207,6/11/1970,M ,Single,Eligible NonCitizen,No,Black or African American,5/14/2012,Active,Sales,Lynn Daneault,21.0,Employee Referral,Fully Meets,2.94,5,0,3
"McKinzie, Jac",1209049326,1,1,1,2,5,4,0,149,0,3,Technical Architect,FL,78789,7/1/1984,M ,Married,US Citizen,No,Two or more races,7/6/2016,Future Start,Sales,Lynn Daneault,21.0,Website Banner Ads,Fully Meets,2.91,4,0,3
"Nguyen, Dheepa",1111030684,0,0,0,1,6,4,0,143,0,3,Technical Architect,WA,30428,3/31/1989,F,Single,US Citizen,No,Two or more races,7/8/2013,Active,Sales,Lynn Daneault,21.0,Pay Per Click - Google,Fully Meets,5.0,5,0,3
"Onque, Jasmine",1501072180,0,0,0,1,2,2,0,130,0,3,Technical Architect,CA,33174,5/11/1990,F,Single,US Citizen,Yes,White,9/30/2013,Active,Sales,Lynn Daneault,21.0,Pay Per Click - Google,Fully Meets,4.28,3,0,3
"Potts, Xana",1102024106,1,1,0,1,4,2,0,129,0,3,Technical Architect,IN,40220,8/29/1988,F,Married,US Citizen,No,Black or African American,1/9/2012,Active,Sales,Lynn Daneault,21.0,Website Banner Ads,Fully Meets,4.2,5,0,3
"Riordan, Michael",1502072711,0,3,1,1,2,3,0,142,0,3,Technical Architect,NJ,58782,1/15/1968,M ,Separated,US Citizen,No,White,1/9/2006,Active,Sales,Lynn Daneault,21.0,Billboard,Exceeds,4.1,3,0,3
"Terry, Sharlene ",1401064637,0,0,0,1,2,1,0,139,0,3,Technical Architect,TX,97756,5/7/1965,F,Single,US Citizen,No,Black or African American,9/29/2014,Active,Sales,Lynn Daneault,21.0,Monster.com,Fully Meets,3.69,3,0,3
"Rachael, Maggie",1009919940,1,1,0,1,2,3,0,149,0,4,Technical Architect,MT,2110,5/12/1980,F,Married,US Citizen,No,Black or African American,10/2/2016,Active,IT/IS,Brian Champaigne,13.0,Indeed,Fully Meets,2.02,4,6,3
"Smith, Jason",1009919980,0,0,1,1,1,2,0,147,0,4,Technical Architect,TX,2045,9/4/1983,M ,Single,US Citizen,No,White,2/15/2017,Active,IT/IS,Brian Champaigne,13.0,Indeed,Fully Meets,3.01,5,7,3
"Westinghouse, Matthew",1009919990,1,1,1,1,4,2,0,125,0,4,Technical Architect,CA,2134,10/24/1987,M ,Married,US Citizen,No,White,4/20/2017,Active,IT/IS,Brian Champaigne,13.0,Indeed,Fully Meets,1.82,3,6,3
"Hubert, Robert",1009920000,1,1,1,1,6,1,0,143,0,4,Technical Architect,TN,2134,6/30/1989,M ,Married,US Citizen,No,Black or African American,4/20/2017,Active,IT/IS,Brian Champaigne,13.0,Indeed,Fully Meets,2.06,5,5,3
"Champaigne, Brian",1009919920,1,1,1,1,6,1,0,137,0,5,Technical Architect,OR,2045,2/9/1972,M ,Married,US Citizen,No,White,9/6/2016,Active,IT/IS,Jennifer Zamora,5.0,Professional Society,Fully Meets,4.5,5,7,3
"Zamora, Jennifer",1112030816,0,0,0,1,1,4,0,142,0,22,Technical Architect,NY,2067,8/30/1979,F,Single,US Citizen,No,White,4/10/2010,Active,IT/IS,Janet King,2.0,Employee Referral,Exceeds,1.12,5,6,0
"Roper, Katie",1009919950,0,0,0,1,1,1,0,147,0,22,Technical Architect,TX,2056,11/21/1972,F,Single,US Citizen,No,Black or African American,1/7/2017,Active,IT/IS,Brian Champaigne,13.0,Indeed,Fully Meets,4.94,3,5,0
"Becker, Renee",1102024056,0,0,0,4,2,3,0,53,1,9,Data Analyst,NC,2026,4/4/1986,F,Single,US Citizen,Yes,White,7/7/2014,Terminated for Cause,IT/IS,Simon Roup,4.0,Search Engine - Google Bing Yahoo,Fully Meets,1.87,4,5,0
"Goble, Taisha",905013738,0,0,0,4,2,1,0,64,1,9,Data Analyst,DC,2127,10/23/1971,F,Single,US Citizen,No,White,2/16/2015,Terminated for Cause,IT/IS,Simon Roup,4.0,Glassdoor,Fully Meets,1.87,4,4,0
"Hernandez, Daniff",1410071156,1,1,1,4,6,1,0,80,1,9,Data Analyst,WA,1960,8/7/1986,M ,Married,US Citizen,No,Black or African American,2/16/2015,Terminated for Cause,IT/IS,Simon Roup,4.0,Employee Referral,Fully Meets,4.33,3,7,0
"Horton, Jayne",1105025718,0,0,0,1,5,2,0,77,0,9,Data Analyst,MO,2493,2/21/1984,F,Single,US Citizen,No,White,3/30/2015,Active,IT/IS,Simon Roup,4.0,Glassdoor,Fully Meets,4.48,5,6,0
"Johnson, Noelle ",1003018246,1,1,0,3,2,2,0,65,0,9,Data Analyst,MA,2301,11/7/1986,F,Married,US Citizen,No,Asian,1/5/2015,Leave of Absence,IT/IS,Simon Roup,4.0,Glassdoor,Fully Meets,3.75,3,5,0
"Murray, Thomas",1406068403,0,2,1,1,2,2,1,58,0,9,Data Analyst,FL,78230,7/4/1988,M ,Divorced,US Citizen,No,Black or African American,11/10/2014,Active,IT/IS,Simon Roup,4.0,Diversity Job Fair,Exceeds,4.28,4,5,0
"Pearson, Randall",1102023965,1,1,1,5,3,2,0,77,1,9,Data Analyst,IL,2747,9/5/1984,M ,Married,US Citizen,No,White,12/1/2014,Voluntarily Terminated,IT/IS,Simon Roup,4.0,Employee Referral,Fully Meets,1.62,4,5,0
"Petrowsky, Thelma",1108027853,1,1,0,1,3,4,0,53,0,9,Data Analyst,PA,1886,9/16/1984,F,Married,US Citizen,No,Asian,11/10/2014,Active,IT/IS,Simon Roup,4.0,Employee Referral,Exceeds,3.71,5,7,0
"Roby, Lori ",1407068885,1,1,0,1,2,3,0,53,0,9,Data Analyst,TX,1886,10/11/1981,F,Married,US Citizen,No,White,2/16/2015,Active,IT/IS,Simon Roup,4.0,Employee Referral,Fully Meets,3.69,5,6,0
"Rogers, Ivan",1203032255,1,1,1,1,1,3,0,58,0,9,Data Analyst,OH,1810,8/26/1986,M ,Married,US Citizen,No,White,3/30/2015,Active,IT/IS,Simon Roup,4.0,Pay Per Click - Google,Fully Meets,3.04,3,6,0
"Salter, Jason",1111030148,0,2,1,5,5,3,0,53,1,9,Data Analyst ,MN,2452,12/17/1987,M ,Divorced,US Citizen,No,Black or African American,1/5/2015,Voluntarily Terminated,IT/IS,Simon Roup,4.0,Vendor Referral,Fully Meets,2.19,3,5,0
"Simard, Kramer",808010278,1,1,1,1,5,3,0,84,0,9,Data Analyst,CT,2110,2/8/1970,M ,Married,US Citizen,Yes,White,1/5/2015,Active,IT/IS,Simon Roup,4.0,Employee Referral,Fully Meets,3.32,3,7,0
"Zhou, Julia",1110029732,0,0,0,1,2,4,0,54,0,9,Data Analyst,NY,2148,2/24/1979,F,Single,US Citizen,No,White,3/30/2015,Active,IT/IS,Simon Roup,4.0,Employee Referral,Fully Meets,5.0,3,5,0
"Bramante, Elisa",1006020066,0,0,0,1,3,3,0,126,0,22,Technical Architect,CA,2030,3/19/1983,F,Single,US Citizen,No,Black or African American,1/5/2009,Active,Production       ,Janet King,2.0,Other,Exceeds,3.02,5,0,2
"Houlihan, Debra",1009021646,1,1,0,1,3,1,0,139,0,22,Technical Architect,GA,2908,3/17/1966,F,Married,US Citizen,No,White,5/5/2014,Active,Sales,Janet King,2.0,MBTA ads,Fully Meets,1.22,4,0,2
"Foss, Jason",1192991000,0,0,1,1,4,4,0,118,0,21,Technical Lead,IN,1460,7/5/1980,M ,Single,US Citizen,No,Black or African American,4/15/2011,Active,IT/IS,Jennifer Zamora,5.0,Professional Society,Exceeds,3.76,5,5,0
"Roup,Simon",1106026933,0,0,1,1,6,4,0,114,0,21,Technical Lead,FL,2481,4/5/1973,M ,Single,US Citizen,No,White,1/20/2013,Active,IT/IS,Jennifer Zamora,5.0,Professional Society,Fully Meets,2.96,5,7,0
"Ruiz, Ricardo",1001175250,0,2,1,5,1,3,1,122,1,21,Technical Lead,TX,1915,1/4/1964,M ,Divorced,US Citizen,No,Two or more races,1/9/2012,Voluntarily Terminated,IT/IS,Jennifer Zamora,5.0,Diversity Job Fair,Fully Meets,2.51,4,6,0
"Monroe, Peter",1011022863,1,1,1,1,6,1,1,123,0,21,Technical Lead,MD,2134,10/5/1986,M ,Married,Eligible NonCitizen,Yes,Hispanic,2/15/2012,Active,IT/IS,Jennifer Zamora,5.0,Diversity Job Fair,Needs Improvement,2.39,3,6,0
"Dougall, Eric",1101023754,0,0,1,1,1,4,0,110,0,21,Technical Lead,TX,1886,7/9/1970,M ,Single,US Citizen,No,White,1/5/2014,Active,IT/IS,Jennifer Zamora,5.0,Professional Society,Exceeds,1.99,5,5,0
"Clayton, Rick",1301052902,0,0,1,1,6,2,0,82,0,9,Data Analyst,CT,2170,9/5/1985,M ,Single,US Citizen,No,White,9/5/2012,Active,IT/IS,Eric Dougall,6.0,Glassdoor,Fully Meets,2.55,3,6,0
"Galia, Lisa",1501072093,0,0,0,1,6,3,0,54,0,9,Data Analyst,CA,6040,7/6/1968,F,Single,US Citizen,No,White,5/1/2010,Active,IT/IS,Eric Dougall,6.0,Vendor Referral,Fully Meets,1.21,4,5,0
"Lindsay, Leonara ",602000312,0,0,0,1,6,1,1,57,0,9,Data Analyst,FL,6070,10/5/1988,F,Single,US Citizen,Yes,Two or more races,1/21/2011,Active,IT/IS,Eric Dougall,6.0,Diversity Job Fair,Exceeds,4.64,4,5,0
"Soto, Julia ",1203032263,1,1,0,1,2,4,0,66,0,9,Data Analyst,VA,2360,3/12/1973,F,Married,US Citizen,No,Black or African American,6/10/2011,Active,IT/IS,Eric Dougall,6.0,Information Session,Fully Meets,4.3,3,5,0
"Bacong, Alejandro ",1212052023,0,2,1,1,3,3,0,82,0,9,Data Analyst,ND,1886,1/7/1988,M ,Divorced,US Citizen,No,White,1/5/2015,Active,IT/IS,Peter Monroe,7.0,Glassdoor,Fully Meets,1.84,5,6,0
"Cisco, Anthony",1102024173,1,1,1,1,1,3,0,80,0,9,Data Analyst,WV,2135,11/24/1989,M ,Married,US Citizen,Yes,White,3/30/2015,Active,IT/IS,Peter Monroe,7.0,Information Session,Fully Meets,2.21,5,7,0
"Dolan, Linda",1101023540,1,1,0,1,2,1,0,64,0,9,Data Analyst,DC,2119,7/18/1988,F,Married,US Citizen,No,White,1/5/2015,Active,IT/IS,Peter Monroe,7.0,Employee Referral,Fully Meets,4.11,4,6,0
"Gonzalez, Maria",1988299991,0,3,0,1,3,1,0,64,0,9,Data Analyst,OK,2472,4/16/1981,F,Separated,US Citizen,Yes,White,1/5/2015,Active,IT/IS,Peter Monroe,7.0,Employee Referral,Fully Meets,4.61,4,5,0
"Merlos, Carlos",1012023013,0,0,1,1,5,4,0,61,0,9,Data Analyst,NJ,2138,6/18/1987,M ,Single,US Citizen,No,White,3/30/2015,Active,IT/IS,Peter Monroe,7.0,Vendor Referral,PIP,1.2,3,6,0
"Morway, Tanya",1001956578,1,1,0,1,1,1,0,50,0,9,Data Analyst,TX,2048,4/4/1979,F,Married,US Citizen,No,White,2/16/2015,Active,IT/IS,Peter Monroe,7.0,Monster.com,Fully Meets,3.81,3,6,0
"Shepard, Anita ",906014183,1,1,0,1,3,1,0,57,0,9,Data Analyst,CA,1773,4/14/1981,F,Married,US Citizen,No,White,9/30/2014,Active,IT/IS,Peter Monroe,7.0,Vendor Referral,Fully Meets,3.31,3,6,0
"Tredinnick, Neville ",1104025466,1,1,1,5,1,3,0,81,1,9,Data Analyst,AZ,1420,5/5/1988,M ,Married,US Citizen,No,White,1/5/2015,Voluntarily Terminated,IT/IS,Peter Monroe,7.0,Monster.com,Fully Meets,5.0,3,5,0
"Turpin, Jumil",1411071506,1,1,1,1,6,4,0,84,0,9,Data Analyst,HI,2343,3/31/1969,M ,Married,Eligible NonCitizen,No,White,3/30/2015,Active,IT/IS,Peter Monroe,7.0,Employee Referral,Fully Meets,5.0,4,7,0
"King, Janet",1001495124,1,1,0,1,6,1,0,140,0,22,Technical Architect,VA,1902,9/21/1954,F,Married,US Citizen,Yes,White,7/2/2012,Active,Executive Office,Board of Directors,9.0,Pay Per Click - Google,Fully Meets,4.83,3,0,1
"Albert, Michael  ",1501072311,0,2,1,1,6,2,0,130,0,21,Technical Lead,MO,2169,10/10/1968,M ,Divorced,US Citizen,No,White,8/1/2011,Active,Production       ,Janet King,2.0,Employee Referral,Fully Meets,3.93,3,0,1
"Bozzi, Charles",1303054580,0,0,1,5,4,4,0,120,1,21,Technical Lead,AL,1901,3/10/1970,M ,Single,US Citizen,No,Asian,9/30/2013,Voluntarily Terminated,Production       ,Janet King,2.0,Billboard,Fully Meets,3.39,3,0,2
"Butler, Webster  L",1110029990,0,0,1,1,1,3,0,125,0,21,Technical Lead,DC,2169,8/9/1983,M ,Single,US Citizen,No,White,1/28/2016,Active,Production       ,Janet King,2.0,Pay Per Click - Google,Exceeds,5.0,3,0,2
"Dunn, Amy  ",1409070147,0,0,0,1,2,4,0,131,0,21,Technical Lead,GA,1731,11/28/1973,F,Single,US Citizen,No,White,9/18/2014,Active,Production       ,Janet King,2.0,Search Engine - Google Bing Yahoo,Fully Meets,4.52,4,0,2
"Gray, Elijiah  ",1307060077,0,2,1,1,1,3,0,130,0,21,Technical Lead,OH,1752,7/11/1981,M ,Divorced,US Citizen,No,White,6/2/2015,Active,Production       ,Janet King,2.0,Employee Referral,Fully Meets,4.63,3,0,1
"Hogland, Jonathan ",1001944783,1,1,1,4,5,3,0,130,1,21,Technical Lead,NH,1890,7/1/1972,M ,Married,US Citizen,No,White,1/10/2011,Terminated for Cause,Production       ,Janet King,2.0,Employee Referral,Fully Meets,4.78,4,0,1
"Immediato, Walter",1403065874,1,1,1,5,4,3,0,125,1,21,Technical Lead,TN,2128,11/15/1976,M ,Married,US Citizen,No,Asian,2/21/2011,Voluntarily Terminated,Production       ,Janet King,2.0,Other,Needs Improvement,2.34,2,0,1
"Liebig, Ketsia",1103024679,1,1,0,1,4,2,0,113,0,21,Technical Lead,TN,2110,10/26/1981,F,Married,US Citizen,No,White,9/30/2013,Active,Production       ,Janet King,2.0,Website Banner Ads,Exceeds,3.66,3,0,1
"Miller, Brannon",1107027351,0,0,1,1,5,2,0,133,0,21,Technical Lead,DC,2045,8/10/1981,M ,Single,US Citizen,yes,Hispanic,8/16/2012,Active,Production       ,Janet King,2.0,Internet Search,Fully Meets,4.37,3,0,2
"Peterson, Ebonee  ",1402065355,1,1,0,5,2,3,0,113,1,21,Technical Lead,MN,2030,5/9/1977,F,Married,US Citizen,No,White,10/25/2010,Voluntarily Terminated,Production       ,Janet King,2.0,Internet Search,Fully Meets,4.16,5,0,2
"Spirea, Kelley",1102024149,1,1,0,1,3,2,0,119,0,21,Technical Lead,CA,2451,9/30/1975,F,Married,US Citizen,No,White,10/2/2012,Active,Production       ,Janet King,2.0,Vendor Referral,Fully Meets,4.83,5,0,2
"Stanley, David ",1000974650,0,2,1,1,1,4,0,109,0,21,Technical Lead,PA,1803,12/17/1975,M ,Divorced,US Citizen,No,White,7/20/2010,Active,Production       ,Janet King,2.0,Monster.com,Needs Improvement,4.13,2,0,1
"Sullivan, Kissy ",1405067298,1,1,0,1,5,1,0,128,0,21,Technical Lead,GA,1776,3/28/1978,F,Married,US Citizen,No,Black or African American,1/8/2009,Active,Production       ,Janet King,2.0,Billboard,Fully Meets,3.73,4,0,2
"Wallace, Courtney  E",1410071026,1,1,0,5,6,1,1,126,1,21,Technical Lead,SC,2478,11/14/1955,F,Married,US Citizen,No,Black or African American,9/26/2011,Voluntarily Terminated,Production       ,Janet King,2.0,Diversity Job Fair,Fully Meets,1.18,3,0,1
"Anderson, Linda  ",1304055947,0,0,0,1,3,1,0,83,0,9,Data Analyst,CA,1844,5/22/1977,F,Single,US Citizen,No,White,1/9/2012,Active,Production       ,Amy Dunn,11.0,MBTA ads,Exceeds,5.0,5,0,2
"Bernstein, Sean",1109029366,0,0,1,1,5,4,0,79,0,9,Data Analyst,TN,2072,12/22/1970,M ,Single,US Citizen,Yes,White,4/2/2012,Active,Production       ,Amy Dunn,11.0,Word of Mouth,Fully Meets,5.0,3,0,1
"Chivukula, Enola",1101023394,0,0,0,5,3,3,0,59,1,9,Data Analyst,NY,1775,8/27/1983,F,Single,US Citizen,No,White,6/27/2011,Voluntarily Terminated,Production       ,Amy Dunn,11.0,Other,Fully Meets,2.0,4,0,1
"Desimone, Carl ",1501072124,1,1,1,1,5,2,0,55,0,9,Data Analyst,FL,2061,4/19/1967,M ,Married,US Citizen,No,White,7/7/2014,Active,Production       ,Amy Dunn,11.0,Professional Society,PIP,1.12,2,0,2
"Fernandes, Nilson  ",1302053339,1,1,1,1,5,1,0,81,0,9,Data Analyst,WI,2132,10/18/1989,M ,Married,US Citizen,No,White,5/11/2015,Active,Production       ,Amy Dunn,11.0,Professional Society,PIP,1.56,5,0,1
"Girifalco, Evelyn",1204032927,0,0,0,1,1,4,0,77,0,9,Data Analyst,KY,2451,5/8/1980,F,Single,US Citizen,Yes,Two or more races,9/29/2014,Active,Production       ,Amy Dunn,11.0,Professional Society,Exceeds,3.39,4,0,2
"Harrison, Kara",1404066622,1,1,0,1,4,1,0,72,0,9,Data Analyst,IA,1886,5/2/1974,F,Married,US Citizen,No,White,5/12/2014,Active,Production       ,Amy Dunn,11.0,Monster.com,Exceeds,4.76,4,0,2
"Kirill, Alexandra  ",903013071,1,1,0,5,2,1,0,64,1,9,Data Analyst,FL,2127,10/8/1970,F,Married,US Citizen,No,White,9/26/2011,Voluntarily Terminated,Production       ,Amy Dunn,11.0,Search Engine - Google Bing Yahoo,Fully Meets,3.49,4,0,2
"MacLennan, Samuel",1201031032,0,4,1,5,4,2,0,66,1,9,Data Analyst,GA,1938,11/9/1972,M ,Widowed,US Citizen,No,White,9/24/2012,Voluntarily Terminated,Production       ,Amy Dunn,11.0,Pay Per Click,Fully Meets,3.08,4,0,2
"Ndzi, Horia",1204033044,1,1,1,5,6,2,0,76,1,9,Data Analyst,CA,2421,3/28/1983,M ,Married,US Citizen,No,White,4/1/2013,Voluntarily Terminated,Production       ,Amy Dunn,11.0,Employee Referral,Fully Meets,3.18,3,0,2
"Perry, Shakira",1109029186,0,0,0,5,2,2,0,71,1,9,Data Analyst,VA,2176,7/20/1986,F,Single,US Citizen,No,White,5/16/2011,Voluntarily Terminated,Production       ,Amy Dunn,11.0,MBTA ads,Fully Meets,3.45,4,0,1
"Robinson, Alain  ",1206038000,1,1,1,5,6,2,0,71,1,9,Data Analyst,WI,1420,1/7/1974,M ,Married,US Citizen,No,Black or African American,1/10/2011,Voluntarily Terminated,Production       ,Amy Dunn,11.0,Glassdoor,Fully Meets,5.0,3,0,1
"Shields, Seffi",1205033102,1,1,0,1,1,2,0,55,0,9,Data Analyst,CA,2149,8/24/1985,F,Married,US Citizen,No,White,8/19/2013,Active,Production       ,Amy Dunn,11.0,Newspager/Magazine,Fully Meets,4.81,4,0,2
"Theamstern, Sophia",1404066739,0,0,0,5,2,2,0,68,1,9,Data Analyst,NC,2066,5/9/1965,F,Single,US Citizen,No,White,7/5/2011,Voluntarily Terminated,Production       ,Amy Dunn,11.0,Billboard,Fully Meets,3.98,4,0,1
"Wilber, Barry",1101023839,1,1,1,5,2,3,0,70,1,9,Data Analyst,ND,2324,9/9/1965,M ,Married,Eligible NonCitizen,No,White,5/16/2011,Voluntarily Terminated,Production       ,Amy Dunn,11.0,Website Banner Ads,Fully Meets,5.0,3,0,1
"Bachiochi, Linda",1212051409,0,0,0,3,5,2,1,58,0,9,Data Analyst,WV,1902,2/11/1970,F,Single,US Citizen,No,Two or more races,7/6/2009,Leave of Absence,Production       ,Brannon Miller,12.0,Diversity Job Fair,Fully Meets,4.46,3,0,1
"Billis, Helen",1308060366,1,1,0,1,5,3,0,77,0,9,Data Analyst,IN,2031,9/1/1989,F,Married,US Citizen,No,White,7/7/2014,Active,Production       ,Brannon Miller,12.0,Professional Society,Exceeds,5.0,3,0,2
"Clukey, Elijian",1407069280,1,1,1,2,6,2,0,71,0,9,Data Analyst,TN,2134,8/26/1980,M ,Married,US Citizen,No,White,7/6/2016,Future Start,Production       ,Brannon Miller,12.0,Employee Referral,Exceeds,1.97,4,0,1
"DiNocco, Lily ",1209048696,1,1,0,1,4,2,0,80,0,9,Data Analyst,TX,2351,12/2/1978,F,Married,US Citizen,No,Black or African American,1/7/2013,Active,Production       ,Brannon Miller,12.0,Pay Per Click - Google,Needs Improvement,3.88,4,0,1
"Fidelia,  Libby",1006020020,1,1,0,1,6,1,0,61,0,9,Data Analyst,GA,2155,3/16/1981,F,Married,US Citizen,No,White,1/9/2012,Active,Production       ,Brannon Miller,12.0,Social Networks - Facebook Twitter etc,Fully Meets,5.0,5,0,2
"Gonzalez, Cayo",1411071212,0,2,1,1,2,3,1,58,0,9,Data Analyst,AR,2108,9/29/1969,M ,Divorced,US Citizen,No,American Indian or Alaska Native,7/11/2011,Active,Production       ,Brannon Miller,12.0,Diversity Job Fair,Exceeds,1.83,4,0,2
"Ivey, Rose ",1408069882,0,0,0,1,4,4,0,61,0,9,Data Analyst,FL,1775,1/28/1991,F,Single,US Citizen,No,White,8/19/2013,Active,Production       ,Brannon Miller,12.0,Professional Society,Fully Meets,3.99,3,0,2
"Kretschmer, John",1311062610,1,1,1,1,5,1,0,69,0,9,Data Analyst,MS,1801,2/2/1980,M ,Married,US Citizen,No,Asian,1/10/2011,Active,Production       ,Brannon Miller,12.0,Pay Per Click - Google,Fully Meets,3.38,3,0,1
"Mangal, Debbie",1308060754,1,1,0,1,2,1,0,63,0,9,Data Analyst,PA,2451,11/7/1974,F,Married,US Citizen,No,White,11/11/2013,Active,Production       ,Brannon Miller,12.0,On-campus Recruiting,Fully Meets,1.04,3,0,1
"Ngodup, Shari ",1403066020,0,3,0,1,6,1,1,70,0,9,Data Analyst,TX,1810,6/3/1967,F,Separated,US Citizen,No,Asian,4/1/2013,Active,Production       ,Brannon Miller,12.0,Diversity Job Fair,Exceeds,1.12,3,0,1
"Pham, Hong",1305057440,1,1,1,5,5,3,0,74,1,9,Data Analyst,MN,2451,3/6/1988,M ,Married,US Citizen,No,White,7/5/2011,Voluntarily Terminated,Production       ,Brannon Miller,12.0,Search Engine - Google Bing Yahoo,Fully Meets,5.0,3,0,2
"Robinson, Elias",1011022887,0,4,1,1,2,4,0,65,0,9,Data Analyst,NV,1730,1/28/1985,M ,Widowed,US Citizen,No,White,7/8/2013,Active,Production       ,Brannon Miller,12.0,Employee Referral,Exceeds,3.02,5,0,1
"Sparks, Taylor  ",1410071137,1,1,0,1,2,3,0,67,0,9,Data Analyst,NY,2093,7/20/1968,F,Married,US Citizen,No,White,2/20/2012,Active,Production       ,Brannon Miller,12.0,Billboard,PIP,4.11,2,0,1
"Tippett, Jeanette",1409070255,0,2,0,1,6,4,0,96,0,19,Software Engineer,TX,2093,6/5/1967,F,Divorced,US Citizen,No,Black or African American,2/18/2013,Active,Production       ,Brannon Miller,12.0,Billboard,Fully Meets,4.21,5,0,1
"Ybarra, Catherine ",1001268402,0,0,0,5,2,1,0,83,1,19,Software Engineer,NV,2458,5/4/1982,F,Single,US Citizen,No,Asian,9/2/2008,Voluntarily Terminated,Production       ,Brannon Miller,12.0,Search Engine - Google Bing Yahoo,PIP,4.29,2,0,1
"Baczenski, Rachael  ",1307060083,1,1,0,5,1,3,1,95,1,19,Software Engineer,TN,1902,1/12/1974,F,Married,US Citizen,Yes,Hispanic,1/10/2011,Voluntarily Terminated,Production       ,David Stanley,14.0,Diversity Job Fair,Fully Meets,1.79,4,0,1
"Brill, Donna",1406068293,1,1,0,5,5,2,0,88,1,19,Software Engineer,TX,1701,8/24/1990,F,Married,US Citizen,No,White,4/2/2012,Voluntarily Terminated,Production       ,David Stanley,14.0,Search Engine - Google Bing Yahoo,Fully Meets,3.35,4,0,1
"Cockel, James",1599991009,0,0,1,1,5,1,0,87,0,19,Software Engineer,WI,2452,9/8/1977,M ,Single,US Citizen,No,White,7/8/2013,Active,Production       ,David Stanley,14.0,Employee Referral,Fully Meets,1.51,5,0,1
"Dobrin, Denisa  S",1202031618,0,0,0,1,1,3,0,81,0,19,Software Engineer,TX,2125,10/7/1986,F,Single,US Citizen,Yes,White,4/2/2012,Active,Production       ,David Stanley,14.0,Monster.com,Fully Meets,2.79,5,0,1
"Garcia, Raul",1309061015,0,0,1,1,2,3,0,95,0,19,Software Engineer,FL,1905,9/15/1985,M ,Single,US Citizen,Yes,White,3/30/2015,Active,Production       ,David Stanley,14.0,Employee Referral,Fully Meets,4.5,3,0,2
"Gordon, David",1106026579,1,1,1,1,1,4,0,95,0,19,Software Engineer,SC,2169,5/21/1979,M ,Married,US Citizen,No,White,7/2/2012,Active,Production       ,David Stanley,14.0,MBTA ads,Fully Meets,5.0,3,0,1
"Jackson, Maryellen",1201031438,0,0,0,1,2,1,0,95,0,19,Software Engineer,OK,2081,9/11/1972,F,Single,US Citizen,No,White,11/5/2012,Active,Production       ,David Stanley,14.0,Newspager/Magazine,Fully Meets,2.32,3,0,1
"Langton, Enrico",1304055987,1,1,1,1,2,1,0,83,0,19,Software Engineer,CT,2048,12/9/1986,M ,Married,US Citizen,No,White,7/9/2012,Active,Production       ,David Stanley,14.0,Newspager/Magazine,Fully Meets,5.0,5,0,2
"Maurice, Shana",1401064327,1,1,0,1,4,2,0,100,0,19,Software Engineer,TX,2330,11/22/1977,F,Married,US Citizen,No,White,5/31/2011,Active,Production       ,David Stanley,14.0,Other,Fully Meets,5.0,4,0,1
"Nguyen, Lei-Ming",1203032357,0,0,0,1,2,1,0,98,0,19,Software Engineer,TN,2132,7/7/1984,F,Single,US Citizen,No,White,7/8/2013,Active,Production       ,David Stanley,14.0,Vendor Referral,Fully Meets,2.79,5,0,1
"Pitt, Brad ",1001735072,0,0,1,1,3,1,0,98,0,19,Software Engineer,WA,2451,11/23/1981,M ,Single,US Citizen,No,Black or African American,11/5/2007,Active,Production       ,David Stanley,14.0,Search Engine - Google Bing Yahoo,Fully Meets,3.66,3,0,1
"Rose, Ashley  ",710007555,0,3,0,1,5,1,0,88,0,19,Software Engineer,IL,1886,12/5/1974,F,Separated,US Citizen,No,White,1/6/2014,Active,Production       ,David Stanley,14.0,Website Banner Ads,Fully Meets,5.0,4,0,2
"Squatrito, Kristen",1405067138,0,2,0,5,4,4,0,81,1,19,Software Engineer,MD,2359,3/26/1973,F,Divorced,US Citizen,No,White,5/13/2013,Voluntarily Terminated,Production       ,David Stanley,14.0,MBTA ads,Exceeds,1.97,4,0,2
"Trang, Mei",1012023152,0,0,0,1,6,3,0,87,0,19,Software Engineer,NC,2021,5/16/1983,F,Single,US Citizen,No,White,2/17/2014,Active,Production       ,David Stanley,14.0,Professional Society,Needs Improvement,2.44,5,0,1
"Zima, Colleen",1211051232,0,4,0,1,5,1,0,87,0,19,Software Engineer,LA,1730,8/17/1978,F,Widowed,US Citizen,No,Asian,9/29/2014,Active,Production       ,David Stanley,14.0,On-campus Recruiting,Fully Meets,1.24,5,0,2
"Alagbe,Trina",1011022883,1,1,0,1,1,3,0,94,0,19,Software Engineer,CA,1886,9/27/1988,F,Married,US Citizen,No,White,1/7/2008,Active,Production       ,Elijiah Gray,16.0,Billboard,Fully Meets,4.84,5,0,2
"Beatrice, Courtney ",1403066194,0,0,0,1,4,4,0,81,0,19,Software Engineer,FL,1915,10/27/1970,F,Single,Eligible NonCitizen,No,White,4/4/2011,Active,Production       ,Elijiah Gray,16.0,Search Engine - Google Bing Yahoo,Fully Meets,5.0,5,0,2
"Chan, Lin",1305057282,0,0,0,1,2,3,0,92,0,19,Software Engineer,SD,2170,2/12/1979,F,Single,US Citizen,No,White,5/12/2014,Active,Production       ,Elijiah Gray,16.0,Internet Search,Fully Meets,2.73,4,0,1
"Darson, Jene'ya ",1001109612,1,1,0,1,3,2,0,87,0,19,Software Engineer,DE,2110,11/5/1978,F,Married,US Citizen,No,White,7/2/2012,Active,Production       ,Elijiah Gray,16.0,Billboard,Fully Meets,5.0,3,0,2
"Evensen, April",1107027392,0,0,0,4,2,4,0,98,1,19,Software Engineer,MO,2458,5/6/1989,F,Single,US Citizen,No,White,2/17/2014,Terminated for Cause,Production       ,Elijiah Gray,16.0,Word of Mouth,Needs Improvement,1.04,3,0,1
"Gerke, Melisa",1308060622,0,2,0,5,2,3,1,83,1,19,Software Engineer,NY,2330,5/15/1970,F,Divorced,US Citizen,No,White,11/7/2011,Voluntarily Terminated,Production       ,Elijiah Gray,16.0,Diversity Job Fair,Fully Meets,4.24,4,0,1
"Harrell, Ludwick",1406068241,1,1,1,1,3,1,0,80,0,19,Software Engineer,LA,1776,9/2/1982,M ,Married,US Citizen,No,Asian,5/14/2012,Active,Production       ,Elijiah Gray,16.0,Search Engine - Google Bing Yahoo,Fully Meets,1.83,3,0,2
"Jung, Judy  ",1107027450,1,1,0,5,3,3,0,84,1,19,Software Engineer,MN,2446,4/17/1986,F,Married,US Citizen,No,White,1/10/2011,Voluntarily Terminated,Production       ,Elijiah Gray,16.0,Monster.com,Fully Meets,4.0,4,0,2
"Lydon, Allison",1101023353,1,1,0,3,3,1,0,97,0,19,Software Engineer,OH,2122,10/22/1975,F,Married,US Citizen,No,Black or African American,2/16/2015,Leave of Absence,Production       ,Elijiah Gray,16.0,Website Banner Ads,Fully Meets,5.0,3,0,1
"Motlagh,  Dawn",1102024121,0,2,0,1,2,3,0,89,0,19,Software Engineer,FL,2453,7/7/1984,F,Divorced,US Citizen,No,White,4/1/2013,Active,Production       ,Elijiah Gray,16.0,MBTA ads,Fully Meets,1.76,4,0,2
"Panjwani, Nina",1109029531,1,1,0,5,4,4,0,80,1,19,Software Engineer,TX,2351,5/1/1979,F,Married,US Citizen,No,White,2/7/2011,Voluntarily Terminated,Production       ,Elijiah Gray,16.0,Social Networks - Facebook Twitter etc,Fully Meets,3.89,4,0,1
"Rhoads, Thomas",1211050793,0,2,1,5,4,3,0,97,1,19,Software Engineer,NC,2176,7/22/1982,M ,Divorced,US Citizen,Yes,White,5/16/2011,Voluntarily Terminated,Production       ,Elijiah Gray,16.0,Professional Society,Fully Meets,5.0,4,0,1
"Sander, Kamrin",1302053362,1,1,0,1,3,4,0,85,0,19,Software Engineer,DC,2154,7/10/1988,F,Married,US Citizen,No,Black or African American,9/29/2014,Active,Production       ,Elijiah Gray,16.0,On-campus Recruiting,Fully Meets,3.51,3,0,2
"Sutwell, Barbara",1407069061,0,0,0,1,3,1,0,90,0,19,Software Engineer,FL,2718,8/15/1968,F,Single,Eligible NonCitizen,No,Asian,5/14/2012,Active,Production       ,Elijiah Gray,16.0,Glassdoor,Fully Meets,2.77,5,0,2
"Wallace, Theresa",1101023619,0,0,0,5,6,1,0,83,1,19,Software Engineer,TX,1887,8/2/1980,F,Single,US Citizen,No,White,8/13/2012,Voluntarily Terminated,Production       ,Elijiah Gray,16.0,Monster.com,Needs Improvement,1.27,3,0,1
"Barone, Francesco  A",1101023679,0,0,1,1,6,3,0,87,0,19,Software Engineer,ID,1810,7/20/1983,M ,Single,US Citizen,No,Two or more races,2/20/2012,Active,Production       ,Kelley Spirea,18.0,Social Networks - Facebook Twitter etc,Fully Meets,1.41,4,0,2
"Carey, Michael  ",1311063114,0,0,1,1,3,1,0,99,0,19,Software Engineer,FL,1701,2/2/1983,M ,Single,US Citizen,No,Black or African American,3/31/2014,Active,Production       ,Kelley Spirea,18.0,MBTA ads,Fully Meets,4.43,3,0,2
"Cornett, Lisa ",1403066069,1,1,0,1,5,3,0,80,0,19,Software Engineer,KY,2189,3/31/1977,F,Married,US Citizen,Yes,White,1/5/2015,Active,Production       ,Kelley Spirea,18.0,Billboard,Fully Meets,4.73,5,0,2
"Engdahl, Jean",1007020403,0,0,1,1,2,1,0,92,0,19,Software Engineer,SC,2026,5/31/1974,M ,Single,US Citizen,No,White,11/10/2014,Active,Production       ,Kelley Spirea,18.0,MBTA ads,Fully Meets,1.86,5,0,1
"England, Rex",1101023612,1,1,1,1,3,4,0,98,0,19,Software Engineer,CO,2045,8/25/1978,M ,Married,US Citizen,No,White,3/31/2014,Active,Production       ,Kelley Spirea,18.0,Employee Referral,Fully Meets,2.05,3,0,2
"Gaul, Barbara",1105026041,0,0,0,1,4,2,0,86,0,19,Software Engineer,CA,2121,12/2/1983,F,Single,US Citizen,Yes,Black or African American,5/16/2011,Active,Production       ,Kelley Spirea,18.0,MBTA ads,Fully Meets,1.66,4,0,2
"Gross, Paula",1103024859,0,2,0,5,6,4,0,84,1,19,Software Engineer,KS,2176,5/21/1983,F,Divorced,US Citizen,No,White,2/21/2011,Voluntarily Terminated,Production       ,Kelley Spirea,18.0,Monster.com,Fully Meets,5.0,5,0,2
"Jhaveri, Sneha  ",1412071713,0,3,0,1,1,4,0,96,0,19,Software Engineer,TX,2109,4/13/1964,F,Separated,US Citizen,No,White,1/6/2014,Active,Production       ,Kelley Spirea,18.0,On-campus Recruiting,Fully Meets,5.0,5,0,1
"LeBel, Jonathan  R",1107027575,0,0,1,4,5,2,0,94,1,19,Software Engineer,NJ,2050,10/18/1981,M ,Single,US Citizen,No,White,2/21/2011,Terminated for Cause,Production       ,Kelley Spirea,18.0,Social Networks - Facebook Twitter etc,Fully Meets,5.0,4,0,1
"Meads, Elizabeth",1409070245,0,0,0,5,2,2,1,84,1,19,Software Engineer,TX,1760,5/30/1968,F,Single,US Citizen,No,Black or African American,4/2/2012,Voluntarily Terminated,Production       ,Kelley Spirea,18.0,Diversity Job Fair,Fully Meets,4.18,4,0,1
"Osturnka, Adeel",1404066949,1,1,1,1,2,4,0,97,0,19,Software Engineer,MI,2478,12/11/1976,M ,Married,US Citizen,No,White,9/30/2013,Active,Production       ,Kelley Spirea,18.0,On-campus Recruiting,Exceeds,2.86,3,0,1
"Punjabhi, Louis  ",1401064562,0,0,1,1,1,4,0,91,0,19,Software Engineer,VA,2109,6/19/1961,M ,Single,US Citizen,No,White,1/6/2014,Active,Production       ,Kelley Spirea,18.0,Employee Referral,Fully Meets,2.45,3,0,1
"Saar-Beckles, Melinda",1410070998,0,0,0,2,2,2,1,90,0,19,Software Engineer,NC,1801,6/6/1968,F,Single,US Citizen,No,Black or African American,7/4/2016,Future Start,Production       ,Kelley Spirea,18.0,Diversity Job Fair,Needs Improvement,1.12,4,0,1
"Stoica, Rick",1106026896,1,1,1,1,6,1,0,84,0,19,Software Engineer,NC,2301,3/14/1985,M ,Married,US Citizen,No,Asian,2/17/2014,Active,Production       ,Kelley Spirea,18.0,On-campus Recruiting,Fully Meets,1.39,3,0,1
"Volk, Colleen",1011022814,1,1,0,4,3,1,0,97,1,19,Software Engineer,FL,2747,6/3/1986,F,Married,US Citizen,No,White,9/26/2011,Terminated for Cause,Production       ,Kelley Spirea,18.0,Social Networks - Facebook Twitter etc,Exceeds,2.79,5,0,2
"Athwal, Sam",1301052124,0,4,1,1,1,4,0,99,0,19,Software Engineer,FL,2199,2/18/1983,M ,Widowed,US Citizen,No,White,9/30/2013,Active,Production       ,Ketsia Liebig,19.0,Employee Referral,Fully Meets,5.0,4,0,2
"Biden, Lowan  M",1412071844,0,2,0,1,6,4,0,82,0,19,Software Engineer,CA,2027,12/27/1958,F,Divorced,US Citizen,No,Asian,8/19/2013,Active,Production       ,Ketsia Liebig,19.0,Billboard,Fully Meets,2.39,3,0,2
"Cierpiszewski, Caroline  ",1012023295,0,0,0,1,5,2,0,92,0,19,Software Engineer,FL,2044,5/31/1988,F,Single,Non-Citizen,No,Black or African American,10/3/2011,Active,Production       ,Ketsia Liebig,19.0,Pay Per Click - Google,Fully Meets,3.58,5,0,2
"Dickinson, Geoff ",706006285,0,0,1,1,2,1,0,83,0,19,Software Engineer,IN,2180,11/15/1982,M ,Single,US Citizen,No,White,5/12/2014,Active,Production       ,Ketsia Liebig,19.0,Pay Per Click - Google,Fully Meets,1.13,4,0,2
"Ferreira, Violeta",803009012,0,0,0,1,2,1,0,95,0,19,Software Engineer,DC,2176,6/10/1986,F,Single,US Citizen,No,White,2/20/2012,Active,Production       ,Ketsia Liebig,19.0,Newspager/Magazine,Fully Meets,1.85,4,0,2
"Gold, Shenice  ",1408069539,0,0,0,1,3,1,0,100,0,19,Software Engineer,NY,2451,6/18/1992,F,Single,US Citizen,Yes,White,11/11/2013,Active,Production       ,Ketsia Liebig,19.0,Glassdoor,Fully Meets,1.94,5,0,1
"Heitzman, Anthony",1002017900,0,0,1,1,4,4,0,82,0,19,Software Engineer,AR,2149,1/4/1984,M ,Single,US Citizen,No,White,8/13/2012,Active,Production       ,Ketsia Liebig,19.0,Social Networks - Facebook Twitter etc,Fully Meets,4.17,4,0,2
"Knapp, Bradley  J",1304055683,0,0,1,1,3,4,0,89,0,19,Software Engineer,GA,1721,11/10/1977,M ,Single,US Citizen,No,Black or African American,2/17/2014,Active,Production       ,Ketsia Liebig,19.0,On-campus Recruiting,Fully Meets,2.79,3,0,2
"Mahoney, Lauren  ",1209049259,0,0,0,1,6,4,0,95,0,19,Software Engineer,WA,2189,7/7/1986,F,Single,US Citizen,No,White,1/6/2014,Active,Production       ,Ketsia Liebig,19.0,Newspager/Magazine,Fully Meets,2.55,4,0,1
"Newman, Richard ",1302053044,1,1,1,3,3,3,0,98,0,19,Software Engineer,FL,2136,4/8/1977,M ,Married,US Citizen,No,White,5/12/2014,Leave of Absence,Production       ,Ketsia Liebig,19.0,On-campus Recruiting,Fully Meets,5.0,5,0,2
"Peterson, Kayla ",1307059944,1,1,0,1,2,2,0,81,0,19,Software Engineer,PA,1749,9/23/1973,F,Married,US Citizen,No,White,4/26/2010,Active,Production       ,Ketsia Liebig,19.0,Search Engine - Google Bing Yahoo,Fully Meets,2.72,3,0,1
"Robinson, Cherly",1403065625,1,1,0,4,2,1,0,90,1,19,Software Engineer,MD,1460,1/7/1985,F,Married,US Citizen,No,White,1/10/2011,Terminated for Cause,Production       ,Ketsia Liebig,19.0,Glassdoor,Needs Improvement,3.6,3,0,2
"Smith, Sade",1501071909,0,0,0,1,6,4,0,84,0,19,Software Engineer,NY,2130,2/2/1965,F,Single,US Citizen,No,White,11/11/2013,Active,Production       ,Ketsia Liebig,19.0,Employee Referral,Fully Meets,3.73,3,0,1
"Tinto, Theresa  ",1103024504,0,2,0,5,4,4,0,100,1,19,Software Engineer,PA,1876,7/30/1983,F,Divorced,US Citizen,No,White,1/10/2011,Voluntarily Terminated,Production       ,Ketsia Liebig,19.0,Social Networks - Facebook Twitter etc,Fully Meets,2.81,5,0,1
"Williams, Jacquelyn  ",1308060671,0,0,0,5,2,3,1,92,1,19,Software Engineer,TX,2109,10/2/1969,F,Single,US Citizen,Yes,Two or more races,1/9/2012,Voluntarily Terminated,Production       ,Ketsia Liebig,19.0,Diversity Job Fair,Fully Meets,1.44,4,0,1
"Barbara, Thomas",1312063507,1,1,1,5,5,3,1,88,1,19,Software Engineer,VA,2062,2/21/1974,M ,Married,US Citizen,Yes,Asian,4/2/2012,Voluntarily Terminated,Production       ,Kissy Sullivan,20.0,Diversity Job Fair,Fully Meets,1.98,3,0,1
"Bugali, Josephine ",1408069635,0,3,0,3,6,3,1,96,0,19,Software Engineer,CA,2043,10/30/1969,F,Separated,US Citizen,No,Black or African American,11/11/2013,Leave of Absence,Production       ,Kissy Sullivan,20.0,Diversity Job Fair,Fully Meets,2.83,5,0,2
"Cole, Spencer",1001450968,0,0,1,4,3,3,0,90,1,19,Software Engineer,DC,1880,8/12/1979,M ,Single,US Citizen,No,Black or African American,7/11/2011,Terminated for Cause,Production       ,Kissy Sullivan,20.0,MBTA ads,Needs Improvement,1.42,3,0,2
"Eaton, Marianne",1406067865,1,1,0,5,6,2,0,98,1,19,Software Engineer,PA,2343,9/5/1991,F,Married,US Citizen,No,White,4/4/2011,Voluntarily Terminated,Production       ,Kissy Sullivan,20.0,Search Engine - Google Bing Yahoo,Fully Meets,5.0,3,0,1
"Garneau, Hamish",1104025414,0,0,1,1,4,4,0,95,0,19,Software Engineer,FL,1550,4/18/1980,M ,Single,US Citizen,No,Asian,7/8/2013,Active,Production       ,Kissy Sullivan,20.0,Professional Society,Fully Meets,2.61,4,0,2
"Goyal, Roxana",1312063675,1,1,0,3,3,2,0,96,0,19,Software Engineer,OH,1864,10/9/1974,F,Married,US Citizen,No,Asian,8/19/2013,Leave of Absence,Production       ,Kissy Sullivan,20.0,On-campus Recruiting,Fully Meets,1.71,5,0,1
"Jacobi, Hannah  ",1503072857,0,2,0,1,6,1,0,86,0,19,Software Engineer,TX,1778,3/22/1966,F,Divorced,US Citizen,No,White,9/30/2013,Active,Production       ,Kissy Sullivan,20.0,Employee Referral,Fully Meets,2.05,5,0,1
"Leach, Dallas",1408069409,0,0,0,5,2,2,0,93,1,19,Software Engineer,IL,1810,1/17/1979,F,Single,US Citizen,No,Asian,9/26/2011,Voluntarily Terminated,Production       ,Kissy Sullivan,20.0,Monster.com,Fully Meets,4.88,3,0,2
"Mckenna, Sandy",909015167,1,1,0,1,2,4,0,96,0,19,Software Engineer,TX,2184,1/7/1987,F,Married,US Citizen,No,Black or African American,1/7/2013,Active,Production       ,Kissy Sullivan,20.0,Monster.com,Fully Meets,3.93,3,0,1
"O'hare, Lynn",1206044851,0,0,0,4,2,4,0,98,1,19,Software Engineer,GA,2152,9/30/1980,F,Single,US Citizen,No,Two or more races,3/31/2014,Terminated for Cause,Production       ,Kissy Sullivan,20.0,Professional Society,PIP,3.09,2,0,2
"Power, Morissa",1102024274,0,2,0,5,2,1,0,100,1,19,Software Engineer,OH,1742,10/15/1984,F,Divorced,Eligible NonCitizen,No,Asian,5/16/2011,Voluntarily Terminated,Production       ,Kissy Sullivan,20.0,Social Networks - Facebook Twitter etc,Fully Meets,3.17,4,0,1
"Purinton, Janine",1011022926,0,2,0,5,4,3,0,83,1,19,Software Engineer,NY,2474,9/22/1970,F,Divorced,US Citizen,No,White,9/24/2012,Voluntarily Terminated,Production       ,Kissy Sullivan,20.0,Billboard,Fully Meets,1.5,5,0,1
"Rossetti, Bruno",1405067492,0,0,1,5,6,4,0,94,1,19,Software Engineer,NY,2155,3/18/1987,M ,Single,US Citizen,No,White,4/4/2011,Voluntarily Terminated,Production       ,Kissy Sullivan,20.0,Search Engine - Google Bing Yahoo,Fully Meets,5.0,5,0,1
"Stanford,Barbara  M",1111030244,0,2,0,1,1,1,0,96,0,19,Software Engineer,CA,2050,8/25/1982,F,Divorced,US Citizen,No,Two or more races,1/10/2011,Active,Production       ,Kissy Sullivan,20.0,Word of Mouth,Fully Meets,1.05,4,0,2
"Veera, Abdellah ",1203032235,0,2,1,5,2,4,0,91,1,19,Software Engineer,CA,2171,1/31/1987,M ,Divorced,US Citizen,No,White,8/13/2012,Voluntarily Terminated,Production       ,Kissy Sullivan,20.0,Information Session,Exceeds,3.84,5,0,2
"Adinolfi, Wilson  K",1409070522,0,0,1,1,4,3,0,97,0,19,Software Engineer,MN,1960,7/10/1983,M ,Single,US Citizen,No,White,7/5/2011,Active,Production       ,Michael Albert,22.0,MBTA ads,Exceeds,2.51,5,0,1
"Barton, Nader",1212051962,0,2,1,5,1,2,0,95,1,19,Software Engineer,WI,2747,7/15/1977,M ,Divorced,US Citizen,No,White,9/24/2012,Voluntarily Terminated,Production       ,Michael Albert,22.0,On-line Web application,Fully Meets,5.0,5,0,1
"Chace, Beatrice ",1208048062,0,0,0,1,1,4,0,87,0,19,Software Engineer,CA,2763,1/2/1951,F,Single,US Citizen,No,White,9/29/2014,Active,Production       ,Michael Albert,22.0,Search Engine - Google Bing Yahoo,Fully Meets,5.0,4,0,2
"Crimmings,   Jean",1311063172,0,0,0,2,2,2,0,85,0,19,Software Engineer,FL,1821,4/10/1987,F,Single,US Citizen,No,White,7/6/2016,Future Start,Production       ,Michael Albert,22.0,Newspager/Magazine,Fully Meets,4.12,5,0,2
"Estremera, Miguel",1104025243,0,0,1,4,6,4,0,81,1,19,Software Engineer,CO,2129,9/2/1983,M ,Single,US Citizen,No,White,4/2/2012,Terminated for Cause,Production       ,Michael Albert,22.0,Word of Mouth,Needs Improvement,5.0,4,0,2
"Gentry, Mildred",1501072192,1,1,0,1,1,4,0,88,0,19,Software Engineer,CA,2145,10/1/1990,F,Married,US Citizen,No,Black or African American,3/30/2015,Active,Production       ,Michael Albert,22.0,Professional Society,Fully Meets,3.73,3,0,2
"Handschiegl, Joanne",1405067064,1,1,0,1,6,1,0,100,0,19,Software Engineer,CO,2127,3/23/1977,F,Married,US Citizen,No,White,11/28/2011,Active,Production       ,Michael Albert,22.0,Word of Mouth,Fully Meets,4.2,4,0,2
"Johnson, George",1105025721,1,1,1,5,4,4,0,84,1,19,Software Engineer,NC,2445,8/19/1959,M ,Married,US Citizen,No,White,11/7/2011,Voluntarily Terminated,Production       ,Michael Albert,22.0,Monster.com,Exceeds,1.65,4,0,1
"Keatts, Kramer ",1301052462,0,0,1,1,3,4,0,85,0,19,Software Engineer,LA,1887,1/19/1976,M ,Single,US Citizen,No,White,9/30/2013,Active,Production       ,Michael Albert,22.0,Billboard,Fully Meets,3.07,4,0,2
"Linares, Marilyn ",1206042315,1,1,0,5,6,1,0,87,1,19,Software Engineer,NE,1886,3/26/1981,F,Married,US Citizen,No,White,7/5/2011,Voluntarily Terminated,Production       ,Michael Albert,22.0,Internet Search,Fully Meets,3.18,4,0,1
"Medeiros, Jennifer",1109029256,0,0,0,1,1,1,0,98,0,19,Software Engineer,CA,2346,9/22/1976,F,Single,US Citizen,No,White,3/30/2015,Active,Production       ,Michael Albert,22.0,Monster.com,Fully Meets,5.0,4,0,2
"Owad, Clinton",1103024335,0,0,1,1,3,3,0,89,0,19,Software Engineer,DC,1760,11/24/1979,M ,Single,US Citizen,No,Black or African American,2/17/2014,Active,Production       ,Michael Albert,22.0,MBTA ads,Needs Improvement,4.25,3,0,2
"Rarrick, Quinn",1208048229,0,2,1,5,5,1,0,94,1,19,Software Engineer,AZ,2478,12/31/1984,M ,Divorced,US Citizen,No,White,9/26/2011,Voluntarily Terminated,Production       ,Michael Albert,22.0,Pay Per Click - Google,Fully Meets,3.8,5,0,2
"Sadki, Nore  ",1308060535,0,0,1,5,4,1,0,81,1,19,Software Engineer,MO,2148,12/21/1974,M ,Single,US Citizen,No,White,1/5/2009,Voluntarily Terminated,Production       ,Michael Albert,22.0,Word of Mouth,Fully Meets,1.53,5,0,1
"Sullivan, Timothy",1201031310,1,1,1,1,1,4,0,98,0,19,Software Engineer,OH,2747,10/7/1982,M ,Married,US Citizen,Yes,White,1/5/2015,Active,Production       ,Michael Albert,22.0,Word of Mouth,Fully Meets,4.36,5,0,1
"Von Massenbach, Anna",1106026474,0,0,0,2,4,2,0,89,0,19,Software Engineer,TX,2124,4/6/1985,F,Single,US Citizen,No,White,7/5/2015,Future Start,Production       ,Michael Albert,22.0,Newspager/Magazine,Fully Meets,3.21,3,0,1
"Anderson, Carol ",1001417624,0,2,0,5,2,1,0,85,1,19,Software Engineer,FL,2169,9/8/1989,F,Divorced,US Citizen,No,White,7/11/2011,Voluntarily Terminated,Production       ,Webster Butler,39.0,Word of Mouth,Fully Meets,5.0,4,0,2
"Becker, Scott",1110029777,0,0,1,3,4,1,0,96,0,19,Software Engineer,TX,2452,4/6/1979,M ,Single,US Citizen,No,Asian,7/8/2013,Leave of Absence,Production       ,Webster Butler,,MBTA ads,Fully Meets,1.09,4,0,1
"Chang, Donovan  E",1111030129,0,0,1,1,4,3,0,82,0,19,Software Engineer,TN,1845,8/24/1983,M ,Single,US Citizen,No,White,7/8/2013,Active,Production       ,Webster Butler,,Newspager/Magazine,Fully Meets,3.8,5,0,1
"DeGweck,  James",1306058816,1,1,1,5,1,3,0,90,1,19,Software Engineer,MD,1810,10/31/1977,M ,Married,US Citizen,No,White,5/16/2011,Voluntarily Terminated,Production       ,Webster Butler,39.0,Billboard,Fully Meets,5.0,4,0,2
"Ferguson, Susan",1502072511,1,1,0,5,2,2,0,95,1,19,Software Engineer,CA,2176,4/14/1955,F,Married,US Citizen,No,White,11/7/2011,Voluntarily Terminated,Production       ,Webster Butler,39.0,Search Engine - Google Bing Yahoo,Fully Meets,3.13,3,0,2
"Gilles, Alex",1008020960,1,1,1,5,1,1,1,95,1,19,Software Engineer,NY,2062,8/9/1974,M ,Married,US Citizen,No,Black or African American,4/2/2012,Voluntarily Terminated,Production       ,Webster Butler,39.0,Diversity Job Fair,Needs Improvement,3.97,4,0,1
"Harrington, Christie ",1110029602,0,0,0,5,2,2,0,100,1,19,Software Engineer,NV,2324,8/18/1952,F,Single,US Citizen,No,White,1/9/2012,Voluntarily Terminated,Production       ,Webster Butler,39.0,Monster.com,Fully Meets,4.64,4,0,1
"Kinsella, Kathleen  ",710007401,1,1,0,5,6,3,0,93,1,19,Software Engineer,VA,2170,12/8/1973,F,Married,US Citizen,No,White,9/26/2011,Voluntarily Terminated,Production       ,Webster Butler,39.0,Search Engine - Google Bing Yahoo,Fully Meets,3.6,5,0,1
"Lynch, Lindsay",1001138521,0,0,0,5,5,4,1,93,1,19,Software Engineer,OH,1844,2/14/1973,F,Single,US Citizen,Yes,Two or more races,11/7/2011,Voluntarily Terminated,Production       ,Webster Butler,39.0,Diversity Job Fair,Exceeds,5.0,4,0,1
"Ndzi, Colombui",1204033041,0,0,1,5,4,2,1,97,1,19,Software Engineer,SC,2110,5/2/1989,M ,Single,US Citizen,No,Black or African American,9/26/2011,Voluntarily Terminated,Production       ,Webster Butler,39.0,Diversity Job Fair,Fully Meets,2.61,3,0,1
"Pelech, Emil",1307060058,0,0,1,5,5,2,0,90,1,19,Software Engineer,CA,2458,3/17/1988,M ,Single,US Citizen,No,Black or African American,1/10/2011,Voluntarily Terminated,Production       ,Webster Butler,39.0,Search Engine - Google Bing Yahoo,Needs Improvement,3.54,5,0,2
"Rivera, Haley  ",1405067642,1,1,0,1,4,1,0,82,0,19,Software Engineer,WI,2171,1/12/1973,F,Married,US Citizen,No,Asian,11/28/2011,Active,Production       ,Webster Butler,,Search Engine - Google Bing Yahoo,Exceeds,4.36,5,0,1
"Sewkumar, Nori",807010161,0,0,0,3,4,2,0,87,0,19,Software Engineer,OK,2191,3/10/1975,F,Single,US Citizen,No,Asian,9/30/2013,Leave of Absence,Production       ,Webster Butler,,Search Engine - Google Bing Yahoo,Fully Meets,5.0,5,0,1
"Tavares, Desiree  ",1405067501,1,1,0,5,6,2,1,81,1,19,Software Engineer,IL,1801,4/3/1975,F,Married,Non-Citizen,No,Two or more races,4/27/2009,Voluntarily Terminated,Production       ,Webster Butler,39.0,Diversity Job Fair,Fully Meets,2.52,5,0,2
"Whittier, Scott",1307060212,0,0,1,5,2,2,0,87,1,19,Software Engineer,TX,2030,5/24/1987,M ,Single,US Citizen,Yes,White,1/10/2011,Voluntarily Terminated,Production       ,Webster Butler,39.0,Newspager/Magazine,Fully Meets,5.0,5,0,1
"Burke, Joelle",1011022820,0,0,0,1,5,2,0,60,0,20,Tester,VA,2148,3/2/1980,F,Single,US Citizen,No,Black or African American,3/5/2012,Active,Production       ,Amy Dunn,11.0,Employee Referral,Fully Meets,4.51,4,0,1
"Fitzpatrick, Michael  J",1109029103,0,0,1,5,5,3,0,69,1,20,Tester,PA,2143,10/1/1981,M ,Single,US Citizen,Yes,White,5/16/2011,Voluntarily Terminated,Production       ,Amy Dunn,11.0,Social Networks - Facebook Twitter etc,Fully Meets,4.76,5,0,1
"Huynh, Ming",1306058509,0,2,0,5,6,3,0,74,1,20,Tester,IN,1742,9/22/1976,F,Divorced,US Citizen,No,White,2/21/2011,Voluntarily Terminated,Production       ,Amy Dunn,11.0,Search Engine - Google Bing Yahoo,Fully Meets,3.72,3,0,2
"Mancuso, Karen",1304055986,1,1,0,5,2,2,0,72,1,20,Tester,CA,2176,12/10/1986,F,Married,US Citizen,No,Two or more races,7/5/2011,Voluntarily Terminated,Production       ,Amy Dunn,11.0,Newspager/Magazine,Fully Meets,5.0,4,0,2
"Pelletier, Ermine",1202031821,1,1,0,5,6,1,0,45,1,20,Tester,NC,2472,7/18/1989,F,Married,US Citizen,No,Asian,7/5/2011,Voluntarily Terminated,Production       ,Amy Dunn,11.0,Monster.com,Needs Improvement,1.03,5,0,1
"Trzeciak, Cybil",1107027551,0,0,0,5,1,2,0,57,1,20,Tester,TX,1778,3/15/1985,F,Single,US Citizen,No,White,1/10/2011,Voluntarily Terminated,Production       ,Amy Dunn,11.0,Vendor Referral,Fully Meets,1.3,3,0,1
"Cloninger, Jennifer",1012023226,1,1,0,5,2,4,0,58,1,20,Tester,TX,1752,8/31/1981,F,Married,US Citizen,No,White,5/16/2011,Voluntarily Terminated,Production       ,Brannon Miller,12.0,Word of Mouth,Fully Meets,1.16,5,0,1
"Gonzalez, Juan",1411071324,1,1,1,5,1,1,1,48,1,20,Tester,NY,2128,10/12/1964,M ,Married,US Citizen,No,Black or African American,4/26/2010,Voluntarily Terminated,Production       ,Brannon Miller,12.0,Diversity Job Fair,PIP,4.35,3,0,1
"Johnston, Yen",1306057810,0,0,0,1,3,4,0,68,0,20,Tester,NC,2128,9/8/1969,F,Single,US Citizen,No,White,7/7/2014,Active,Production       ,Brannon Miller,12.0,Professional Society,Exceeds,1.51,3,0,1
"Miller, Ned",1205033439,0,0,1,5,6,1,0,50,1,20,Tester,CA,2472,6/29/1985,M ,Single,US Citizen,No,White,8/15/2011,Voluntarily Terminated,Production       ,Brannon Miller,12.0,MBTA ads,PIP,5.0,2,0,2
"Petingill, Shana  ",1103024843,1,1,0,1,1,1,0,49,0,20,Tester,WA,2050,3/10/1979,F,Married,Eligible NonCitizen,No,Asian,4/2/2012,Active,Production       ,Brannon Miller,12.0,MBTA ads,Fully Meets,2.61,3,0,1
"Winthrop, Jordan  ",1405067188,0,0,1,5,6,1,0,56,1,20,Tester,NC,2045,11/7/1958,M ,Single,US Citizen,No,White,1/7/2013,Voluntarily Terminated,Production       ,Brannon Miller,12.0,Professional Society,Exceeds,1.67,3,0,1
"Close, Phil",1209048697,1,1,1,5,6,4,0,61,1,20,Tester,NY,2169,11/25/1978,M ,Married,US Citizen,No,White,8/30/2010,Voluntarily Terminated,Production       ,David Stanley,14.0,Other,Fully Meets,1.3,4,0,1
"Good, Susan",1001549006,1,1,0,3,6,1,0,65,0,20,Tester,CA,1886,5/25/1986,F,Married,US Citizen,No,White,5/12/2014,Leave of Absence,Production       ,David Stanley,14.0,Professional Society,Fully Meets,2.04,3,0,2
"Langford, Lindsey",1010022030,0,2,0,5,6,3,0,60,1,20,Tester,SC,2090,7/25/1979,F,Divorced,US Citizen,No,Asian,1/7/2013,Voluntarily Terminated,Production       ,David Stanley,14.0,Glassdoor,Fully Meets,4.52,3,0,1
"Monkfish, Erasumus",1404066711,1,1,1,1,1,1,0,68,0,20,Tester,AL,1450,8/17/1992,M ,Married,US Citizen,No,White,11/7/2011,Active,Production       ,David Stanley,14.0,Professional Society,Fully Meets,2.67,3,0,2
"Roberson, May",1402065340,0,2,0,5,4,3,0,51,1,20,Tester,CA,1902,9/5/1981,F,Divorced,Eligible NonCitizen,No,White,9/26/2011,Voluntarily Terminated,Production       ,David Stanley,14.0,Search Engine - Google Bing Yahoo,Fully Meets,2.19,4,0,2
"Wolk, Hang  T",1205033180,0,0,0,1,5,3,0,48,0,20,Tester,CA,2302,4/20/1985,F,Single,US Citizen,No,White,9/29/2014,Active,Production       ,David Stanley,14.0,Newspager/Magazine,Fully Meets,3.4,4,0,2
"Bondwell, Betsy",1008021030,0,0,0,5,3,4,0,47,1,20,Tester,MN,2210,1/16/1967,F,Single,US Citizen,No,White,1/10/2011,Voluntarily Terminated,Production       ,Elijiah Gray,16.0,Search Engine - Google Bing Yahoo,Fully Meets,1.38,5,0,1
"Faller, Megan ",1108028428,1,1,0,1,4,1,0,72,0,20,Tester,MI,1824,9/22/1978,F,Married,US Citizen,No,Black or African American,7/7/2014,Active,Production       ,Elijiah Gray,16.0,Professional Society,Fully Meets,1.49,5,0,1
"Hunts, Julissa",1106026433,0,0,0,2,6,3,0,63,0,20,Tester,VA,2021,3/11/1984,F,Single,US Citizen,No,White,6/6/2016,Future Start,Production       ,Elijiah Gray,16.0,Vendor Referral,Fully Meets,2.92,5,0,1
"Lunquist, Lisa",1001504432,0,0,0,1,3,4,0,56,0,20,Tester,CA,2324,3/28/1982,F,Single,US Citizen,No,Black or African American,8/19/2013,Active,Production       ,Elijiah Gray,16.0,Glassdoor,Exceeds,1.64,4,0,2
"Nowlan, Kristie",1104025435,0,0,0,1,6,1,0,50,0,20,Tester,MO,1040,11/23/1985,F,Single,US Citizen,No,White,11/10/2014,Active,Production       ,Elijiah Gray,16.0,Glassdoor,Fully Meets,4.53,5,0,2
"Smith, Joe",1001970770,0,0,1,1,1,3,0,72,0,20,Tester,OK,2045,10/30/1963,M ,Single,US Citizen,No,White,9/29/2014,Active,Production       ,Elijiah Gray,16.0,Pay Per Click - Google,Exceeds,2.41,3,0,1
"Tejeda, Lenora ",1406068345,1,1,0,5,4,4,0,72,1,20,Tester,TX,2129,5/24/1953,F,Married,US Citizen,No,White,5/16/2011,Voluntarily Terminated,Production       ,Elijiah Gray,16.0,Search Engine - Google Bing Yahoo,Fully Meets,3.93,3,0,1
"Beak, Kimberly  ",1303054329,1,1,0,2,1,4,0,63,0,20,Tester,NY,2145,4/17/1966,F,Married,US Citizen,No,White,7/21/2016,Future Start,Production       ,Kelley Spirea,18.0,Employee Referral,Exceeds,2.7,3,0,1
"Demita, Carla",1104025179,0,3,0,5,5,4,0,49,1,20,Tester,MN,2343,2/25/1951,F,Separated,US Citizen,No,Black or African American,4/4/2011,Voluntarily Terminated,Production       ,Kelley Spirea,18.0,Search Engine - Google Bing Yahoo,Fully Meets,4.62,5,0,2
"Hankard, Earnest",1307059937,0,0,1,1,5,2,0,53,0,20,Tester,FL,2155,8/10/1988,M ,Single,US Citizen,Yes,White,11/11/2013,Active,Production       ,Kelley Spirea,18.0,Newspager/Magazine,Fully Meets,5.0,3,0,2
"Hendrickson, Trina",1011022932,0,0,0,5,4,1,0,55,1,20,Tester,CO,2021,8/27/1972,F,Single,US Citizen,No,White,1/10/2011,Voluntarily Terminated,Production       ,Kelley Spirea,18.0,Monster.com,Fully Meets,5.0,3,0,2
"Linden, Mathew",1405067565,1,1,1,3,1,2,0,68,0,20,Tester,WA,1770,3/19/1979,M ,Married,US Citizen,No,White,7/8/2013,Leave of Absence,Production       ,Kelley Spirea,18.0,Information Session,Fully Meets,4.0,3,0,1
"Moran, Patrick",1408069503,0,0,1,3,6,4,1,70,0,20,Tester,NC,2127,12/3/1976,M ,Single,US Citizen,No,Hispanic,1/9/2012,Leave of Absence,Production       ,Kelley Spirea,18.0,Diversity Job Fair,Fully Meets,2.5,4,0,1
"Sahoo, Adil",1106026462,1,1,1,1,4,4,0,72,0,20,Tester,MI,2062,4/26/1986,M ,Married,US Citizen,No,White,8/30/2010,Active,Production       ,Kelley Spirea,18.0,Monster.com,Fully Meets,2.08,3,0,1
"Burkett, Benjamin ",1301052449,1,1,1,1,2,2,0,45,0,20,Tester,VA,1890,8/19/1977,M ,Married,US Citizen,No,White,4/4/2011,Active,Production       ,Ketsia Liebig,19.0,Careerbuilder,Fully Meets,3.25,5,0,1
"Foreman, Tanya",1012023204,1,1,0,5,3,2,0,68,1,20,Tester,MN,2170,11/8/1983,F,Married,US Citizen,No,White,4/4/2011,Voluntarily Terminated,Production       ,Ketsia Liebig,19.0,Word of Mouth,Fully Meets,3.66,3,0,2
"Jeannite, Tayana",1008020942,0,2,0,1,5,2,0,72,0,20,Tester,CA,1821,11/6/1986,F,Divorced,US Citizen,No,American Indian or Alaska Native,7/5/2011,Active,Production       ,Ketsia Liebig,19.0,MBTA ads,Exceeds,4.6,4,0,2
"McCarthy, Brigit",1406067957,0,0,0,1,2,3,0,73,0,20,Tester,AZ,2149,5/21/1987,F,Single,US Citizen,No,White,3/30/2015,Active,Production       ,Ketsia Liebig,19.0,Newspager/Magazine,Fully Meets,5.0,5,0,2
"Peters, Lauren",1411071406,1,1,0,5,6,4,0,62,1,20,Tester,IL,1886,8/17/1986,F,Married,US Citizen,No,White,5/16/2011,Voluntarily Terminated,Production       ,Ketsia Liebig,19.0,Pay Per Click - Google,Exceeds,1.79,5,0,2
"Walker, Roger",1011022818,0,0,1,1,1,4,0,75,0,20,Tester,NM,2459,2/10/1976,M ,Single,US Citizen,No,Black or African American,8/18/2014,Active,Production       ,Ketsia Liebig,19.0,Employee Referral,Fully Meets,3.11,5,0,1
"Akinkuolie, Sarah",1005019209,1,1,0,5,5,2,0,62,1,20,Tester,NY,1810,9/19/1988,F,Married,US Citizen,No,White,7/5/2011,Voluntarily Terminated,Production       ,Kissy Sullivan,20.0,Newspager/Magazine,Fully Meets,3.02,3,0,1
"Davis, Daniel",1201031274,0,0,1,1,2,4,0,53,0,20,Tester,KY,2458,9/14/1979,M ,Single,Eligible NonCitizen,No,Two or more races,11/7/2011,Active,Production       ,Kissy Sullivan,20.0,Newspager/Magazine,Fully Meets,3.96,4,0,2
"Gosciminski, Phylicia  ",1108028351,0,3,0,3,2,3,0,71,0,20,Tester,OR,1824,12/8/1983,F,Separated,US Citizen,No,American Indian or Alaska Native,9/30/2013,Leave of Absence,Production       ,Kissy Sullivan,20.0,Word of Mouth,Fully Meets,2.57,5,0,1
"Latif, Mohammed",1104025486,1,1,1,5,1,1,0,72,1,20,Tester,SD,2126,5/9/1984,M ,Married,US Citizen,No,White,4/2/2012,Voluntarily Terminated,Production       ,Kissy Sullivan,20.0,Word of Mouth,Fully Meets,1.84,3,0,1
"Monterro, Luisa",1001103149,0,0,0,1,5,3,0,72,0,20,Tester,CT,2126,4/24/1970,F,Single,US Citizen,No,Black or African American,5/13/2013,Active,Production       ,Kissy Sullivan,20.0,Billboard,Exceeds,2.55,3,0,2
"Robertson, Peter",1499902991,1,1,1,5,2,3,0,58,1,20,Tester,NY,2138,7/3/1972,M ,Married,US Citizen,No,White,7/5/2011,Voluntarily Terminated,Production       ,Kissy Sullivan,20.0,Glassdoor,Fully Meets,2.48,5,0,1
"Woodson, Jason",1012023010,0,0,1,1,6,4,0,63,0,20,Tester,NY,1810,5/11/1985,M ,Single,US Citizen,No,White,7/7/2014,Active,Production       ,Kissy Sullivan,20.0,Vendor Referral,Fully Meets,4.07,4,0,1
"Blount, Dianna",1403066125,0,0,0,1,6,1,0,66,0,20,Tester,FL,2171,9/21/1990,F,Single,US Citizen,No,White,4/4/2011,Active,Production       ,Michael Albert,22.0,Monster.com,Needs Improvement,1.16,3,0,2
"Erilus, Angela",1105025661,0,3,0,1,1,2,0,65,0,20,Tester,TX,2133,8/25/1989,F,Separated,US Citizen,No,White,7/7/2014,Active,Production       ,Michael Albert,22.0,Pay Per Click - Google,PIP,4.59,1,0,1
"Homberger, Adrienne  J",1207046956,1,1,0,5,2,4,0,51,1,20,Tester,NY,2445,2/16/1984,F,Married,Non-Citizen,No,White,8/15/2011,Voluntarily Terminated,Production       ,Michael Albert,30.0,Glassdoor,Fully Meets,3.03,5,0,1
"Lundy, Susan",1305056276,0,4,0,5,5,2,0,61,1,20,Tester,FL,2122,12/26/1976,F,Widowed,US Citizen,No,White,7/8/2013,Voluntarily Terminated,Production       ,Michael Albert,22.0,On-campus Recruiting,Fully Meets,4.65,4,0,2
"Moumanil, Maliki ",1301052436,0,3,1,1,3,2,0,70,0,20,Tester,FL,1460,12/1/1974,M ,Separated,US Citizen,No,Black or African American,5/13/2013,Active,Production       ,Michael Albert,22.0,On-campus Recruiting,Fully Meets,4.29,5,0,2
"Sloan, Constance",1012023103,0,0,0,5,3,1,0,52,1,20,Tester,ME,1851,11/25/1987,F,Single,US Citizen,No,White,10/26/2009,Voluntarily Terminated,Production       ,Michael Albert,22.0,Monster.com,Fully Meets,4.68,4,0,2
"Buccheri, Joseph  ",1101023457,0,0,1,1,4,1,0,52,0,20,Tester,OK,1013,7/28/1983,M ,Single,US Citizen,No,White,9/29/2014,Active,Production       ,Webster Butler,,Word of Mouth,Fully Meets,3.19,3,0,1
"Fancett, Nicole",1402065085,0,0,0,1,6,4,0,50,0,20,Tester,CA,2324,9/27/1987,F,Single,US Citizen,No,Black or African American,2/17/2014,Active,Production       ,Webster Butler,,Newspager/Magazine,Fully Meets,4.0,4,0,2
"Hutter, Rosalie",1103024924,0,3,0,2,4,4,0,54,0,20,Tester,CA,2351,5/7/1992,F,Separated,US Citizen,No,White,6/5/2015,Future Start,Production       ,Webster Butler,,Other,Fully Meets,2.63,3,0,2
"Manchester, Robyn",1110029623,1,1,0,2,4,3,0,64,0,20,Tester,AL,2324,8/25/1976,F,Married,US Citizen,No,White,5/11/2016,Future Start,Production       ,Webster Butler,,Vendor Referral,Fully Meets,5.0,3,0,2
"Oliver, Brooke ",1001856521,1,1,0,5,4,3,0,49,1,20,Tester,TX,2492,2/11/1952,F,Married,US Citizen,No,Asian,5/14/2012,Voluntarily Terminated,Production       ,Webster Butler,39.0,Newspager/Magazine,Fully Meets,5.0,3,0,1
"Thibaud, Kenneth",1011022777,0,4,1,5,6,4,0,51,1,20,Tester,CA,2472,9/16/1975,M ,Widowed,US Citizen,No,White,6/25/2007,Voluntarily Terminated,Production       ,Webster Butler,39.0,Pay Per Click - Google,Fully Meets,1.37,4,0,2
"Daneault, Lynn",1402065303,0,0,0,1,5,4,0,122,0,21,Technical Lead,FL,5473,4/19/1990,F,Single,US Citizen,No,White,5/5/2014,Active,Sales,Debra Houlihan,15.0,Pay Per Click - Google,Fully Meets,4.62,4,0,2
"Kampew, Donysha",1109029264,0,0,0,5,3,2,0,0,1,21,Technical Lead,OH,19444,11/11/1989,F,Single,US Citizen,No,White,11/7/2011,Voluntarily Terminated,Sales,Debra Houlihan,15.0,Social Networks - Facebook Twitter etc,Fully Meets,1.9,5,0,1
"Smith, John",1499902910,0,2,1,1,6,3,1,115,0,21,Technical Lead,SC,1886,8/16/1984,M ,Divorced,US Citizen,No,Black or African American,5/18/2014,Active,Sales,Debra Houlihan,15.0,Diversity Job Fair,Needs Improvement,1.62,4,0,1
"Le, Binh",1009919930,0,0,0,1,2,3,0,142,0,22,Technical Architect,NY,1886,6/14/1987,F,Single,US Citizen,No,Asian,10/2/2016,Active,IT/IS,Brian Champaigne,13.0,Indeed,Fully Meets,2.09,5,7,0
"Navathe, Kurt",1009919960,0,0,1,1,2,3,0,128,0,22,Technical Architect,OR,2056,4/25/1970,M ,Single,US Citizen,No,Asian,2/10/2017,Active,IT/IS,Brian Champaigne,13.0,Indeed,Fully Meets,5.0,3,6,0
"Wang, Charlie",1009919970,0,0,1,1,4,3,0,130,0,22,Technical Architect,VA,1887,7/8/1981,M ,Single,US Citizen,No,Asian,2/15/2017,Active,IT/IS,Brian Champaigne,13.0,Indeed,Fully Meets,3.42,4,7,0
"LeBlanc, Brandon  R",1102024115,1,1,1,1,1,4,0,134,0,21,Technical Lead,MD,1460,6/10/1984,M ,Married,US Citizen,No,White,1/5/2016,Active,Admin Offices,Janet King,2.0,Monster.com,Fully Meets,1.95,4,0,1
"Quinn, Sean",1206043417,1,1,1,5,2,3,1,126,1,21,Technical Lead,CT,2045,11/6/1984,M ,Married,Eligible NonCitizen,No,Black or African American,2/21/2011,Voluntarily Terminated,Admin Offices,Janet King,2.0,Diversity Job Fair,Fully Meets,4.15,4,0,2
"Andreola, Colby",1107027358,0,0,0,1,6,2,0,82,0,24,Software Engineer,TN,2110,5/24/1979,F,Single,US Citizen,No,White,11/10/2014,Active,Testerng,Alex Sweetwater,10.0,Vendor Referral,Fully Meets,3.04,3,4,0
"Carabbio, Judith",1101023577,0,0,0,1,1,2,0,96,0,24,Software Engineer,FL,2132,4/5/1987,F,Single,US Citizen,No,White,11/11/2013,Active,Testerng,Alex Sweetwater,10.0,Pay Per Click - Google,Fully Meets,4.96,4,6,0
"Del Bosque, Keyla",1203032498,0,0,0,1,5,1,0,97,0,24,Software Engineer,FL,2176,7/5/1979,F,Single,US Citizen,No,Black or African American,1/9/2012,Active,Testerng,Alex Sweetwater,10.0,Monster.com,Fully Meets,3.79,5,5,0
"Exantus, Susan",1401064670,1,1,0,4,6,3,0,81,1,24,Software Engineer,CA,1749,5/15/1987,F,Married,US Citizen,No,Black or African American,5/2/2011,Terminated for Cause,Testerng,Alex Sweetwater,10.0,Billboard,Needs Improvement,2.55,5,4,2
"Martin, Sandra",1303054625,0,0,0,1,5,4,0,92,0,24,Software Engineer,GA,2135,11/7/1987,F,Single,US Citizen,No,Asian,11/11/2013,Active,Testerng,Alex Sweetwater,10.0,Search Engine - Google Bing Yahoo,Fully Meets,1.53,5,4,0
"Patronick, Luke",1112030979,0,0,1,5,6,4,1,83,1,24,Software Engineer,IL,1844,2/20/1979,M ,Single,US Citizen,No,Asian,11/7/2011,Voluntarily Terminated,Testerng,Alex Sweetwater,10.0,Diversity Job Fair,Exceeds,1.1,5,3,2
"Saada, Adell",1012023185,1,1,0,1,5,4,0,86,0,24,Software Engineer,FL,2132,7/24/1986,F,Married,US Citizen,No,White,11/5/2012,Active,Testerng,Alex Sweetwater,10.0,Pay Per Click - Google,Fully Meets,1.74,3,6,0
"Szabo, Andrew",1201031324,0,0,1,1,1,3,0,91,0,24,Software Engineer,TX,2140,5/6/1983,M ,Single,US Citizen,No,White,7/7/2014,Active,Testerng,Alex Sweetwater,10.0,MBTA ads,Exceeds,2.61,5,5,0
"True, Edward",1102024057,0,0,1,5,4,1,1,83,1,24,Software Engineer,MN,2451,6/14/1983,M ,Single,Non-Citizen,No,Black or African American,2/18/2013,Voluntarily Terminated,Testerng,Alex Sweetwater,10.0,Diversity Job Fair,Fully Meets,1.11,3,4,0
"Sweetwater, Alex",1001644719,0,0,1,1,1,1,0,122,0,21,Technical Lead,TX,2184,11/22/1966,M ,Single,US Citizen,No,White,8/15/2011,Active,Testerng,Jennifer Zamora,5.0,Search Engine - Google Bing Yahoo,Fully Meets,3.84,3,5,0
"Foster-Baker, Amy",1201031308,1,1,0,1,6,3,0,76,0,9,Data Analyst,FL,2050,4/16/1979,F,Married,US Citizen,no,White,1/5/2009,Active,Admin Offices,Board of Directors,9.0,Other,Fully Meets,5.0,3,2,2
"Boutwell, Bonalyn",1307060188,1,1,0,1,3,3,1,80,0,9,Data Analyst,AL,2468,4/4/1987,F,Married,US Citizen,No,Asian,2/16/2015,Active,Admin Offices,Brandon R. LeBlanc,3.0,Diversity Job Fair,Fully Meets,5.0,4,3,2
"Ait Sidi, Karthikeyan   ",1307060199,1,1,1,5,3,2,0,81,1,9,Data Analyst,TX,2148,5/5/1975,M ,Married,US Citizen,No,White,3/30/2015,Voluntarily Terminated,IT/IS,Simon Roup,4.0,Company Intranet - Partner,Fully Meets,4.96,3,6,0
"Carr, Claudia  N",1010022337,0,0,0,2,6,1,0,63,0,9,Data Analyst,TX,1886,6/6/1986,F,Single,US Citizen,No,Black or African American,6/30/2016,Future Start,IT/IS,Simon Roup,4.0,Vendor Referral,Fully Meets,5.0,5,6,0
"Favis, Donald  ",1412071562,0,0,1,4,3,2,0,123,1,22,Technical Architect,FL,6033,7/30/1964,M ,Single,US Citizen,No,Black or African American,2/17/2014,Terminated for Cause,IT/IS,Simon Roup,4.0,Vendor Referral,Fully Meets,2.94,5,7,0
"Roehrich, Bianca",1111030266,0,0,0,5,1,2,0,145,1,22,Technical Architect,TX,2703,5/27/1973,F,Single,US Citizen,Yes,White,1/5/2015,Voluntarily Terminated,IT/IS,Simon Roup,4.0,Vendor Referral,Fully Meets,3.88,3,7,0
"Daniele, Ann  ",1411071312,1,1,0,3,6,4,0,66,0,9,Data Analyst,MD,6033,1/18/1952,F,Married,US Citizen,No,White,11/10/2014,Leave of Absence,IT/IS,Peter Monroe,7.0,Vendor Referral,Fully Meets,1.55,5,8,0
"Lajiri,  Jyoti",1108028108,1,1,1,3,3,2,0,68,0,9,Data Analyst,ID,2169,4/23/1986,M ,Married,US Citizen,No,White,11/10/2014,Leave of Absence,IT/IS,Peter Monroe,7.0,Employee Referral,Fully Meets,4.46,5,6,0
"Semizoglou, Jeremiah  ",904013591,1,1,1,2,6,1,0,69,0,9,Data Analyst,CA,1545,2/9/1983,M ,Married,US Citizen,No,Asian,6/30/2016,Future Start,IT/IS,Peter Monroe,7.0,On-campus Recruiting,Fully Meets,3.27,4,5,0
"South, Joe",1308060959,0,0,1,1,6,3,0,83,0,9,Data Analyst,NY,6278,9/9/1965,M ,Single,US Citizen,No,White,11/10/2014,Active,IT/IS,Peter Monroe,7.0,Employee Referral,Fully Meets,5.0,3,4,0
"Warfield, Sarah",1301052347,0,4,0,1,4,2,0,66,0,9,Data Analyst,TX,2453,5/2/1978,F,Widowed,US Citizen,No,Asian,3/30/2015,Active,IT/IS,Peter Monroe,7.0,Employee Referral,Fully Meets,1.06,4,8,0
"Anderson, Linda  ",1304055947,0,0,0,1,4,4,0,80,0,19,Software Engineer,FL,1844,5/22/1977,F,Single,US Citizen,No,White,1/9/2012,Active,Production       ,Amy Dunn,11.0,MBTA ads,Exceeds,5.0,5,0,2
"Bernstein, Sean",1109029366,0,0,1,1,1,1,0,95,0,19,Software Engineer,NM,2072,12/22/1970,M ,Single,US Citizen,Yes,White,4/2/2012,Active,Production       ,Amy Dunn,11.0,Word of Mouth,Fully Meets,5.0,3,0,1
"Chivukula, Enola",1101023394,0,0,0,5,3,1,0,99,1,19,Software Engineer,TX,1775,8/27/1983,F,Single,US Citizen,No,White,6/27/2011,Voluntarily Terminated,Production       ,Amy Dunn,11.0,Other,Fully Meets,2.0,4,0,1
"Desimone, Carl ",1501072124,1,1,1,1,5,2,0,86,0,19,Software Engineer,OH,2061,4/19/1967,M ,Married,US Citizen,No,White,7/7/2014,Active,Production       ,Amy Dunn,11.0,Professional Society,PIP,1.12,2,0,1
"Fernandes, Nilson  ",1302053339,1,1,1,1,1,4,0,80,0,19,Software Engineer,MN,2132,10/18/1989,M ,Married,US Citizen,No,White,5/11/2015,Active,Production       ,Amy Dunn,11.0,Professional Society,PIP,1.56,5,0,1
"Girifalco, Evelyn",1204032927,0,0,0,1,5,4,0,96,0,19,Software Engineer,GA,2451,5/8/1980,F,Single,US Citizen,Yes,Two or more races,9/29/2014,Active,Production       ,Amy Dunn,11.0,Professional Society,Exceeds,3.39,4,0,2
"Harrison, Kara",1404066622,1,1,0,1,1,2,0,94,0,19,Software Engineer,DC,1886,5/2/1974,F,Married,US Citizen,No,White,5/12/2014,Active,Production       ,Amy Dunn,11.0,Monster.com,Exceeds,4.76,4,0,2
"Kirill, Alexandra  ",903013071,1,1,0,5,2,2,0,92,1,19,Software Engineer,TX,2127,10/8/1970,F,Married,US Citizen,No,White,9/26/2011,Voluntarily Terminated,Production       ,Amy Dunn,11.0,Search Engine - Google Bing Yahoo,Fully Meets,3.49,4,0,1
"MacLennan, Samuel",1201031032,0,4,1,5,6,2,0,99,1,19,Software Engineer,NE,1938,11/9/1972,M ,Widowed,US Citizen,No,White,9/24/2012,Voluntarily Terminated,Production       ,Amy Dunn,11.0,Pay Per Click,Fully Meets,3.08,4,0,1
"Ndzi, Horia",1204033044,1,1,1,5,3,3,0,100,1,19,Software Engineer,MA,2421,3/28/1983,M ,Married,US Citizen,No,White,4/1/2013,Voluntarily Terminated,Production       ,Amy Dunn,11.0,Employee Referral,Fully Meets,3.18,3,0,2
"Perry, Shakira",1109029186,0,0,0,5,6,4,0,97,1,19,Software Engineer,OH,2176,7/20/1986,F,Single,US Citizen,No,White,5/16/2011,Voluntarily Terminated,Production       ,Amy Dunn,11.0,MBTA ads,Fully Meets,3.45,4,0,1
"Robinson, Alain  ",1206038000,1,1,1,5,2,3,0,90,1,19,Software Engineer,PA,1420,1/7/1974,M ,Married,US Citizen,No,Black or African American,1/10/2011,Voluntarily Terminated,Production       ,Amy Dunn,11.0,Glassdoor,Fully Meets,5.0,3,0,1
"Shields, Seffi",1205033102,1,1,0,1,3,4,0,100,0,19,Software Engineer,FL,2149,8/24/1985,F,Married,US Citizen,No,White,8/19/2013,Active,Production       ,Amy Dunn,11.0,Newspager/Magazine,Fully Meets,4.81,4,0,2
"Theamstern, Sophia",1404066739,0,0,0,5,6,4,0,83,1,19,Software Engineer,FL,2066,5/9/1965,F,Single,US Citizen,No,White,7/5/2011,Voluntarily Terminated,Production       ,Amy Dunn,11.0,Billboard,Fully Meets,3.98,4,0,2
"Wilber, Barry",1101023839,1,1,1,5,2,1,0,87,1,19,Software Engineer,FL,2324,9/9/1965,M ,Married,Eligible NonCitizen,No,White,5/16/2011,Voluntarily Terminated,Production       ,Amy Dunn,11.0,Website Banner Ads,Fully Meets,5.0,3,0,2
"Bachiochi, Linda",1212051409,0,0,0,3,2,1,1,100,0,19,Software Engineer,NC,1902,2/11/1970,F,Single,US Citizen,No,Two or more races,7/6/2009,Leave of Absence,Production       ,Brannon Miller,12.0,Diversity Job Fair,Fully Meets,4.46,3,0,1
"Billis, Helen",1308060366,1,1,0,1,2,2,0,88,0,19,Software Engineer,CA,2031,9/1/1989,F,Married,US Citizen,No,White,7/7/2014,Active,Production       ,Brannon Miller,12.0,Professional Society,Exceeds,5.0,3,0,2
"Clukey, Elijian",1407069280,1,1,1,2,5,3,0,100,0,19,Software Engineer,NY,2134,8/26/1980,M ,Married,US Citizen,No,White,7/6/2016,Future Start,Production       ,Brannon Miller,12.0,Employee Referral,Exceeds,1.97,4,0,1
"DiNocco, Lily ",1209048696,1,1,0,1,3,1,0,80,0,19,Software Engineer,GA,2351,12/2/1978,F,Married,US Citizen,No,Black or African American,1/7/2013,Active,Production       ,Brannon Miller,12.0,Pay Per Click - Google,Needs Improvement,3.88,4,0,2
"Fidelia,  Libby",1006020020,1,1,0,1,1,4,0,95,0,19,Software Engineer,OK,2155,3/16/1981,F,Married,US Citizen,No,White,1/9/2012,Active,Production       ,Brannon Miller,12.0,Social Networks - Facebook Twitter etc,Fully Meets,5.0,5,0,1
"Gonzalez, Cayo",1411071212,0,2,1,1,2,1,1,97,0,19,Software Engineer,CA,2108,9/29/1969,M ,Divorced,US Citizen,No,American Indian or Alaska Native,7/11/2011,Active,Production       ,Brannon Miller,12.0,Diversity Job Fair,Exceeds,1.83,4,0,2
"Ivey, Rose ",1408069882,0,0,0,1,1,1,0,83,0,19,Software Engineer,CT,1775,1/28/1991,F,Single,US Citizen,No,White,8/19/2013,Active,Production       ,Brannon Miller,12.0,Professional Society,Fully Meets,3.99,3,0,2
"Kretschmer, John",1311062610,1,1,1,1,5,4,0,87,0,19,Software Engineer,MO,1801,2/2/1980,M ,Married,US Citizen,No,Asian,1/10/2011,Active,Production       ,Brannon Miller,12.0,Pay Per Click - Google,Fully Meets,3.38,3,0,1
"Mangal, Debbie",1308060754,1,1,0,1,5,4,0,83,0,19,Software Engineer,MI,2451,11/7/1974,F,Married,US Citizen,No,White,11/11/2013,Active,Production       ,Brannon Miller,12.0,On-campus Recruiting,Fully Meets,1.04,3,0,1
"Ngodup, Shari ",1403066020,0,3,0,1,2,2,1,95,0,19,Software Engineer,MN,1810,6/3/1967,F,Separated,US Citizen,No,Asian,4/1/2013,Active,Production       ,Brannon Miller,12.0,Diversity Job Fair,Exceeds,1.12,3,0,1
"Pham, Hong",1305057440,1,1,1,5,6,2,0,94,1,19,Software Engineer,KY,2451,3/6/1988,M ,Married,US Citizen,No,White,7/5/2011,Voluntarily Terminated,Production       ,Brannon Miller,12.0,Search Engine - Google Bing Yahoo,Fully Meets,5.0,3,0,2
"Robinson, Elias",1011022887,0,4,1,1,1,4,0,93,0,19,Software Engineer,IN,1730,1/28/1985,M ,Widowed,US Citizen,No,White,7/8/2013,Active,Production       ,Brannon Miller,12.0,Employee Referral,Exceeds,3.02,5,0,2
"Sparks, Taylor  ",1410071137,1,1,0,1,5,3,0,82,0,19,Software Engineer,DC,2093,7/20/1968,F,Married,US Citizen,No,White,2/20/2012,Active,Production       ,Brannon Miller,12.0,Billboard,PIP,4.11,2,0,2
"Tippett, Jeanette",1409070255,0,2,0,1,3,1,0,97,0,19,Software Engineer,OH,2093,6/5/1967,F,Divorced,US Citizen,No,Black or African American,2/18/2013,Active,Production       ,Brannon Miller,12.0,Billboard,Fully Meets,4.21,5,0,1
"Ybarra, Catherine ",1001268402,0,0,0,5,6,3,0,92,1,19,Software Engineer,ME,2458,5/4/1982,F,Single,US Citizen,No,Asian,9/2/2008,Voluntarily Terminated,Production       ,Brannon Miller,12.0,Search Engine - Google Bing Yahoo,PIP,4.29,2,0,2
"Baczenski, Rachael  ",1307060083,1,1,0,5,6,3,1,83,1,19,Software Engineer,FL,1902,1/12/1974,F,Married,US Citizen,Yes,Hispanic,1/10/2011,Voluntarily Terminated,Production       ,David Stanley,14.0,Diversity Job Fair,Fully Meets,1.79,4,0,2
"Brill, Donna",1406068293,1,1,0,5,1,1,0,88,1,19,Software Engineer,NC,1701,8/24/1990,F,Married,US Citizen,No,White,4/2/2012,Voluntarily Terminated,Production       ,David Stanley,14.0,Search Engine - Google Bing Yahoo,Fully Meets,3.35,4,0,1
"Cockel, James",1599991009,0,0,1,1,1,2,0,94,0,19,Software Engineer,NY,2452,9/8/1977,M ,Single,US Citizen,No,White,7/8/2013,Active,Production       ,David Stanley,14.0,Employee Referral,Fully Meets,1.51,5,0,1
"Dobrin, Denisa  S",1202031618,0,0,0,1,4,2,0,87,0,19,Software Engineer,MI,2125,10/7/1986,F,Single,US Citizen,Yes,White,4/2/2012,Active,Production       ,David Stanley,14.0,Monster.com,Fully Meets,2.79,5,0,2
"Garcia, Raul",1309061015,0,0,1,1,3,2,0,90,0,19,Software Engineer,TX,1905,9/15/1985,M ,Single,US Citizen,Yes,White,3/30/2015,Active,Production       ,David Stanley,14.0,Employee Referral,Fully Meets,4.5,3,0,1
"Gordon, David",1106026579,1,1,1,1,6,3,0,95,0,19,Software Engineer,SC,2169,5/21/1979,M ,Married,US Citizen,No,White,7/2/2012,Active,Production       ,David Stanley,14.0,MBTA ads,Fully Meets,5.0,3,0,1
"Jackson, Maryellen",1201031438,0,0,0,1,1,3,0,90,0,19,Software Engineer,IN,2081,9/11/1972,F,Single,US Citizen,No,White,11/5/2012,Active,Production       ,David Stanley,14.0,Newspager/Magazine,Fully Meets,2.32,3,0,2
"Langton, Enrico",1304055987,1,1,1,1,3,4,0,99,0,19,Software Engineer,TX,2048,12/9/1986,M ,Married,US Citizen,No,White,7/9/2012,Active,Production       ,David Stanley,14.0,Newspager/Magazine,Fully Meets,5.0,5,0,1
"Maurice, Shana",1401064327,1,1,0,1,1,4,0,97,0,19,Software Engineer,VA,2330,11/22/1977,F,Married,US Citizen,No,White,5/31/2011,Active,Production       ,David Stanley,14.0,Other,Fully Meets,5.0,4,0,1
"Nguyen, Lei-Ming",1203032357,0,0,0,1,3,2,0,92,0,19,Software Engineer,VA,2132,7/7/1984,F,Single,US Citizen,No,White,7/8/2013,Active,Production       ,David Stanley,14.0,Vendor Referral,Fully Meets,2.79,5,0,1
"Pitt, Brad ",1001735072,0,0,1,1,4,4,0,99,0,19,Software Engineer,CA,2451,11/23/1981,M ,Single,US Citizen,No,Black or African American,11/5/2007,Active,Production       ,David Stanley,14.0,Search Engine - Google Bing Yahoo,Fully Meets,3.66,3,0,2
"Rose, Ashley  ",710007555,0,3,0,1,1,1,0,100,0,19,Software Engineer,FL,1886,12/5/1974,F,Separated,US Citizen,No,White,1/6/2014,Active,Production       ,David Stanley,14.0,Website Banner Ads,Fully Meets,5.0,4,0,2
"Squatrito, Kristen",1405067138,0,2,0,5,4,4,0,89,1,19,Software Engineer,AL,2359,3/26/1973,F,Divorced,US Citizen,No,White,5/13/2013,Voluntarily Terminated,Production       ,David Stanley,14.0,MBTA ads,Exceeds,1.97,4,0,2
"Trang, Mei",1012023152,0,0,0,1,3,1,0,88,0,19,Software Engineer,FL,2021,5/16/1983,F,Single,US Citizen,No,White,2/17/2014,Active,Production       ,David Stanley,14.0,Professional Society,Needs Improvement,2.44,5,0,2
"Zima, Colleen",1211051232,0,4,0,1,5,1,0,98,0,19,Software Engineer,MO,1730,8/17/1978,F,Widowed,US Citizen,No,Asian,9/29/2014,Active,Production       ,David Stanley,14.0,On-campus Recruiting,Fully Meets,1.24,5,0,1
"Alagbe,Trina",1011022883,1,1,0,1,2,1,0,97,0,19,Software Engineer,IA,1886,9/27/1988,F,Married,US Citizen,No,White,1/7/2008,Active,Production       ,Elijiah Gray,16.0,Billboard,Fully Meets,4.84,5,0,2
"Beatrice, Courtney ",1403066194,0,0,0,1,4,1,0,93,0,19,Software Engineer,LA,1915,10/27/1970,F,Single,Eligible NonCitizen,No,White,4/4/2011,Active,Production       ,Elijiah Gray,16.0,Search Engine - Google Bing Yahoo,Fully Meets,5.0,5,0,2
"Chan, Lin",1305057282,0,0,0,1,5,1,0,93,0,19,Software Engineer,WA,2170,2/12/1979,F,Single,US Citizen,No,White,5/12/2014,Active,Production       ,Elijiah Gray,16.0,Internet Search,Fully Meets,2.73,4,0,1
"Darson, Jene'ya ",1001109612,1,1,0,1,6,1,0,82,0,19,Software Engineer,TX,2110,11/5/1978,F,Married,US Citizen,No,White,7/2/2012,Active,Production       ,Elijiah Gray,16.0,Billboard,Fully Meets,5.0,3,0,1
"Evensen, April",1107027392,0,0,0,4,3,2,0,96,1,19,Software Engineer,CA,2458,5/6/1989,F,Single,US Citizen,No,White,2/17/2014,Terminated for Cause,Production       ,Elijiah Gray,16.0,Word of Mouth,Needs Improvement,1.04,3,0,2
"Gerke, Melisa",1308060622,0,2,0,5,5,4,1,86,1,19,Software Engineer,NM,2330,5/15/1970,F,Divorced,US Citizen,No,White,11/7/2011,Voluntarily Terminated,Production       ,Elijiah Gray,16.0,Diversity Job Fair,Fully Meets,4.24,4,0,1
"Harrell, Ludwick",1406068241,1,1,1,1,6,4,0,90,0,19,Software Engineer,CA,1776,9/2/1982,M ,Married,US Citizen,No,Asian,5/14/2012,Active,Production       ,Elijiah Gray,16.0,Search Engine - Google Bing Yahoo,Fully Meets,1.83,3,0,2
"Jung, Judy  ",1107027450,1,1,0,5,4,4,0,82,1,19,Software Engineer,TN,2446,4/17/1986,F,Married,US Citizen,No,White,1/10/2011,Voluntarily Terminated,Production       ,Elijiah Gray,16.0,Monster.com,Fully Meets,4.0,4,0,1
"Lydon, Allison",1101023353,1,1,0,3,2,2,0,81,0,19,Software Engineer,AZ,2122,10/22/1975,F,Married,US Citizen,No,Black or African American,2/16/2015,Leave of Absence,Production       ,Elijiah Gray,16.0,Website Banner Ads,Fully Meets,5.0,3,0,2
"Motlagh,  Dawn",1102024121,0,2,0,1,3,3,0,88,0,19,Software Engineer,CA,2453,7/7/1984,F,Divorced,US Citizen,No,White,4/1/2013,Active,Production       ,Elijiah Gray,16.0,MBTA ads,Fully Meets,1.76,4,0,2
"Panjwani, Nina",1109029531,1,1,0,5,3,4,0,81,1,19,Software Engineer,NE,2351,5/1/1979,F,Married,US Citizen,No,White,2/7/2011,Voluntarily Terminated,Production       ,Elijiah Gray,16.0,Social Networks - Facebook Twitter etc,Fully Meets,3.89,4,0,1
"Rhoads, Thomas",1211050793,0,2,1,5,4,1,0,84,1,19,Software Engineer,KS,2176,7/22/1982,M ,Divorced,US Citizen,Yes,White,5/16/2011,Voluntarily Terminated,Production       ,Elijiah Gray,16.0,Professional Society,Fully Meets,5.0,4,0,2
"Sander, Kamrin",1302053362,1,1,0,1,1,3,0,88,0,19,Software Engineer,NY,2154,7/10/1988,F,Married,US Citizen,No,Black or African American,9/29/2014,Active,Production       ,Elijiah Gray,16.0,On-campus Recruiting,Fully Meets,3.51,3,0,1
"Sutwell, Barbara",1407069061,0,0,0,1,2,4,0,88,0,19,Software Engineer,FL,2718,8/15/1968,F,Single,Eligible NonCitizen,No,Asian,5/14/2012,Active,Production       ,Elijiah Gray,16.0,Glassdoor,Fully Meets,2.77,5,0,2
"Wallace, Theresa",1101023619,0,0,0,5,6,3,0,84,1,19,Software Engineer,MO,1887,8/2/1980,F,Single,US Citizen,No,White,8/13/2012,Voluntarily Terminated,Production       ,Elijiah Gray,16.0,Monster.com,Needs Improvement,1.27,3,0,1
"Barone, Francesco  A",1101023679,0,0,1,1,5,3,0,91,0,19,Software Engineer,NC,1810,7/20/1983,M ,Single,US Citizen,No,Two or more races,2/20/2012,Active,Production       ,Kelley Spirea,18.0,Social Networks - Facebook Twitter etc,Fully Meets,1.41,4,0,1
"Carey, Michael  ",1311063114,0,0,1,1,3,3,0,85,0,19,Software Engineer,CA,1701,2/2/1983,M ,Single,US Citizen,No,Black or African American,3/31/2014,Active,Production       ,Kelley Spirea,18.0,MBTA ads,Fully Meets,4.43,3,0,2
"Cornett, Lisa ",1403066069,1,1,0,1,3,3,0,96,0,19,Software Engineer,MO,2189,3/31/1977,F,Married,US Citizen,Yes,White,1/5/2015,Active,Production       ,Kelley Spirea,18.0,Billboard,Fully Meets,4.73,5,0,2
"Engdahl, Jean",1007020403,0,0,1,1,6,3,0,95,0,19,Software Engineer,NY,2026,5/31/1974,M ,Single,US Citizen,No,White,11/10/2014,Active,Production       ,Kelley Spirea,18.0,MBTA ads,Fully Meets,1.86,5,0,1
"England, Rex",1101023612,1,1,1,1,2,2,0,99,0,19,Software Engineer,CA,2045,8/25/1978,M ,Married,US Citizen,No,White,3/31/2014,Active,Production       ,Kelley Spirea,18.0,Employee Referral,Fully Meets,2.05,3,0,2
"Gaul, Barbara",1105026041,0,0,0,1,3,2,0,100,0,19,Software Engineer,NY,2121,12/2/1983,F,Single,US Citizen,Yes,Black or African American,5/16/2011,Active,Production       ,Kelley Spirea,18.0,MBTA ads,Fully Meets,1.66,4,0,1
"Gross, Paula",1103024859,0,2,0,5,5,1,0,89,1,19,Software Engineer,AR,2176,5/21/1983,F,Divorced,US Citizen,No,White,2/21/2011,Voluntarily Terminated,Production       ,Kelley Spirea,18.0,Monster.com,Fully Meets,5.0,5,0,2
"Jhaveri, Sneha  ",1412071713,0,3,0,1,4,1,0,94,0,19,Software Engineer,CA,2109,4/13/1964,F,Separated,US Citizen,No,White,1/6/2014,Active,Production       ,Kelley Spirea,18.0,On-campus Recruiting,Fully Meets,5.0,5,0,2
"LeBel, Jonathan  R",1107027575,0,0,1,4,6,4,0,82,1,19,Software Engineer,AZ,2050,10/18/1981,M ,Single,US Citizen,No,White,2/21/2011,Terminated for Cause,Production       ,Kelley Spirea,18.0,Social Networks - Facebook Twitter etc,Fully Meets,5.0,4,0,2
"Meads, Elizabeth",1409070245,0,0,0,5,2,2,1,82,1,19,Software Engineer,OH,1760,5/30/1968,F,Single,US Citizen,No,Black or African American,4/2/2012,Voluntarily Terminated,Production       ,Kelley Spirea,18.0,Diversity Job Fair,Fully Meets,4.18,4,0,1
"Osturnka, Adeel",1404066949,1,1,1,1,2,3,0,99,0,19,Software Engineer,NC,2478,12/11/1976,M ,Married,US Citizen,No,White,9/30/2013,Active,Production       ,Kelley Spirea,18.0,On-campus Recruiting,Exceeds,2.86,3,0,1
"Punjabhi, Louis  ",1401064562,0,0,1,1,2,4,0,92,0,19,Software Engineer,MI,2109,6/19/1961,M ,Single,US Citizen,No,White,1/6/2014,Active,Production       ,Kelley Spirea,18.0,Employee Referral,Fully Meets,2.45,3,0,1
"Saar-Beckles, Melinda",1410070998,0,0,0,2,3,4,1,95,0,19,Software Engineer,CA,1801,6/6/1968,F,Single,US Citizen,No,Black or African American,7/4/2016,Future Start,Production       ,Kelley Spirea,18.0,Diversity Job Fair,Needs Improvement,1.12,4,0,2
"Stoica, Rick",1106026896,1,1,1,1,5,4,0,92,0,19,Software Engineer,AZ,2301,3/14/1985,M ,Married,US Citizen,No,Asian,2/17/2014,Active,Production       ,Kelley Spirea,18.0,On-campus Recruiting,Fully Meets,1.39,3,0,2
"Volk, Colleen",1011022814,1,1,0,4,6,3,0,90,1,19,Software Engineer,AL,2747,6/3/1986,F,Married,US Citizen,No,White,9/26/2011,Terminated for Cause,Production       ,Kelley Spirea,18.0,Social Networks - Facebook Twitter etc,Exceeds,2.79,5,0,2
"Athwal, Sam",1301052124,0,4,1,1,4,4,0,97,0,19,Software Engineer,NY,2199,2/18/1983,M ,Widowed,US Citizen,No,White,9/30/2013,Active,Production       ,Ketsia Liebig,19.0,Employee Referral,Fully Meets,5.0,4,0,1
"Biden, Lowan  M",1412071844,0,2,0,1,5,2,0,97,0,19,Software Engineer,SC,2027,12/27/1958,F,Divorced,US Citizen,No,Asian,8/19/2013,Active,Production       ,Ketsia Liebig,19.0,Billboard,Fully Meets,2.39,3,0,1
"Cierpiszewski, Caroline  ",1012023295,0,0,0,1,2,2,0,100,0,19,Software Engineer,NY,2044,5/31/1988,F,Single,Non-Citizen,No,Black or African American,10/3/2011,Active,Production       ,Ketsia Liebig,19.0,Pay Per Click - Google,Fully Meets,3.58,5,0,1
"Dickinson, Geoff ",706006285,0,0,1,1,3,4,0,86,0,19,Software Engineer,DC,2180,11/15/1982,M ,Single,US Citizen,No,White,5/12/2014,Active,Production       ,Ketsia Liebig,19.0,Pay Per Click - Google,Fully Meets,1.13,4,0,2
"Ferreira, Violeta",803009012,0,0,0,1,4,3,0,84,0,19,Software Engineer,CA,2176,6/10/1986,F,Single,US Citizen,No,White,2/20/2012,Active,Production       ,Ketsia Liebig,19.0,Newspager/Magazine,Fully Meets,1.85,4,0,2
"Gold, Shenice  ",1408069539,0,0,0,1,4,3,0,83,0,19,Software Engineer,HI,2451,6/18/1992,F,Single,US Citizen,Yes,White,11/11/2013,Active,Production       ,Ketsia Liebig,19.0,Glassdoor,Fully Meets,1.94,5,0,2
"Heitzman, Anthony",1002017900,0,0,1,1,2,3,0,86,0,19,Software Engineer,LA,2149,1/4/1984,M ,Single,US Citizen,No,White,8/13/2012,Active,Production       ,Ketsia Liebig,19.0,Social Networks - Facebook Twitter etc,Fully Meets,4.17,4,0,2
"Knapp, Bradley  J",1304055683,0,0,1,1,5,2,0,84,0,19,Software Engineer,IL,1721,11/10/1977,M ,Single,US Citizen,No,Black or African American,2/17/2014,Active,Production       ,Ketsia Liebig,19.0,On-campus Recruiting,Fully Meets,2.79,3,0,2
"Mahoney, Lauren  ",1209049259,0,0,0,1,5,4,0,80,0,19,Software Engineer,CA,2189,7/7/1986,F,Single,US Citizen,No,White,1/6/2014,Active,Production       ,Ketsia Liebig,19.0,Newspager/Magazine,Fully Meets,2.55,4,0,2
"Newman, Richard ",1302053044,1,1,1,3,5,2,0,81,0,19,Software Engineer,MA,2136,4/8/1977,M ,Married,US Citizen,No,White,5/12/2014,Leave of Absence,Production       ,Ketsia Liebig,19.0,On-campus Recruiting,Fully Meets,5.0,5,0,2
"Peterson, Kayla ",1307059944,1,1,0,1,2,3,0,99,0,19,Software Engineer,TN,1749,9/23/1973,F,Married,US Citizen,No,White,4/26/2010,Active,Production       ,Ketsia Liebig,19.0,Search Engine - Google Bing Yahoo,Fully Meets,2.72,3,0,1
"Robinson, Cherly",1403065625,1,1,0,4,2,3,0,93,1,19,Software Engineer,KS,1460,1/7/1985,F,Married,US Citizen,No,White,1/10/2011,Terminated for Cause,Production       ,Ketsia Liebig,19.0,Glassdoor,Needs Improvement,3.6,3,0,2
"Smith, Sade",1501071909,0,0,0,1,2,4,0,89,0,19,Software Engineer,CT,2130,2/2/1965,F,Single,US Citizen,No,White,11/11/2013,Active,Production       ,Ketsia Liebig,19.0,Employee Referral,Fully Meets,3.73,3,0,2
"Tinto, Theresa  ",1103024504,0,2,0,5,4,3,0,83,1,19,Software Engineer,OR,1876,7/30/1983,F,Divorced,US Citizen,No,White,1/10/2011,Voluntarily Terminated,Production       ,Ketsia Liebig,19.0,Social Networks - Facebook Twitter etc,Fully Meets,2.81,5,0,1
"Williams, Jacquelyn  ",1308060671,0,0,0,5,4,4,1,95,1,19,Software Engineer,OH,2109,10/2/1969,F,Single,US Citizen,Yes,Two or more races,1/9/2012,Voluntarily Terminated,Production       ,Ketsia Liebig,19.0,Diversity Job Fair,Fully Meets,1.44,4,0,1
"Barbara, Thomas",1312063507,1,1,1,5,4,2,1,86,1,19,Software Engineer,AZ,2062,2/21/1974,M ,Married,US Citizen,Yes,Asian,4/2/2012,Voluntarily Terminated,Production       ,Kissy Sullivan,20.0,Diversity Job Fair,Fully Meets,1.98,3,0,2
"Bugali, Josephine ",1408069635,0,3,0,3,6,1,1,96,0,19,Software Engineer,AL,2043,10/30/1969,F,Separated,US Citizen,No,Black or African American,11/11/2013,Leave of Absence,Production       ,Kissy Sullivan,20.0,Diversity Job Fair,Fully Meets,2.83,5,0,2
"Cole, Spencer",1001450968,0,0,1,4,5,1,0,92,1,19,Software Engineer,TX,1880,8/12/1979,M ,Single,US Citizen,No,Black or African American,7/11/2011,Terminated for Cause,Production       ,Kissy Sullivan,20.0,MBTA ads,Needs Improvement,1.42,3,0,1
"Eaton, Marianne",1406067865,1,1,0,5,1,3,0,82,1,19,Software Engineer,ND,2343,9/5/1991,F,Married,US Citizen,No,White,4/4/2011,Voluntarily Terminated,Production       ,Kissy Sullivan,20.0,Search Engine - Google Bing Yahoo,Fully Meets,5.0,3,0,1
"Garneau, Hamish",1104025414,0,0,1,1,2,2,0,86,0,19,Software Engineer,KS,1550,4/18/1980,M ,Single,US Citizen,No,Asian,7/8/2013,Active,Production       ,Kissy Sullivan,20.0,Professional Society,Fully Meets,2.61,4,0,2
"Goyal, Roxana",1312063675,1,1,0,3,6,1,0,81,0,19,Software Engineer,WV,1864,10/9/1974,F,Married,US Citizen,No,Asian,8/19/2013,Leave of Absence,Production       ,Kissy Sullivan,20.0,On-campus Recruiting,Fully Meets,1.71,5,0,1
"Jacobi, Hannah  ",1503072857,0,2,0,1,5,2,0,91,0,19,Software Engineer,TX,1778,3/22/1966,F,Divorced,US Citizen,No,White,9/30/2013,Active,Production       ,Kissy Sullivan,20.0,Employee Referral,Fully Meets,2.05,5,0,1
"Leach, Dallas",1408069409,0,0,0,5,3,3,0,93,1,19,Software Engineer,MI,1810,1/17/1979,F,Single,US Citizen,No,Asian,9/26/2011,Voluntarily Terminated,Production       ,Kissy Sullivan,20.0,Monster.com,Fully Meets,4.88,3,0,2
"Mckenna, Sandy",909015167,1,1,0,1,5,1,0,88,0,19,Software Engineer,NY,2184,1/7/1987,F,Married,US Citizen,No,Black or African American,1/7/2013,Active,Production       ,Kissy Sullivan,20.0,Monster.com,Fully Meets,3.93,3,0,1
"O'hare, Lynn",1206044851,0,0,0,4,1,2,0,92,1,19,Software Engineer,DC,2152,9/30/1980,F,Single,US Citizen,No,Two or more races,3/31/2014,Terminated for Cause,Production       ,Kissy Sullivan,20.0,Professional Society,PIP,3.09,2,0,2
"Power, Morissa",1102024274,0,2,0,5,1,4,0,98,1,19,Software Engineer,AL,1742,10/15/1984,F,Divorced,Eligible NonCitizen,No,Asian,5/16/2011,Voluntarily Terminated,Production       ,Kissy Sullivan,20.0,Social Networks - Facebook Twitter etc,Fully Meets,3.17,4,0,2
"Purinton, Janine",1011022926,0,2,0,5,2,3,0,80,1,19,Software Engineer,CA,2474,9/22/1970,F,Divorced,US Citizen,No,White,9/24/2012,Voluntarily Terminated,Production       ,Kissy Sullivan,20.0,Billboard,Fully Meets,1.5,5,0,2
"Rossetti, Bruno",1405067492,0,0,1,5,5,2,0,90,1,19,Software Engineer,MA,2155,3/18/1987,M ,Single,US Citizen,No,White,4/4/2011,Voluntarily Terminated,Production       ,Kissy Sullivan,20.0,Search Engine - Google Bing Yahoo,Fully Meets,5.0,5,0,2
"Stanford,Barbara  M",1111030244,0,2,0,1,5,2,0,99,0,19,Software Engineer,PA,2050,8/25/1982,F,Divorced,US Citizen,No,Two or more races,1/10/2011,Active,Production       ,Kissy Sullivan,20.0,Word of Mouth,Fully Meets,1.05,4,0,1
"Veera, Abdellah ",1203032235,0,2,1,5,6,2,0,84,1,19,Software Engineer,OH,2171,1/31/1987,M ,Divorced,US Citizen,No,White,8/13/2012,Voluntarily Terminated,Production       ,Kissy Sullivan,20.0,Information Session,Exceeds,3.84,5,0,1
"Adinolfi, Wilson  K",1409070522,0,0,1,1,1,2,0,87,0,19,Software Engineer,GA,1960,7/10/1983,M ,Single,US Citizen,No,White,7/5/2011,Active,Production       ,Michael Albert,22.0,MBTA ads,Exceeds,2.51,5,0,2
"Barton, Nader",1212051962,0,2,1,5,6,3,0,87,1,19,Software Engineer,NC,2747,7/15/1977,M ,Divorced,US Citizen,No,White,9/24/2012,Voluntarily Terminated,Production       ,Michael Albert,22.0,On-line Web application,Fully Meets,5.0,5,0,1
"Chace, Beatrice ",1208048062,0,0,0,1,6,4,0,96,0,19,Software Engineer,TN,2763,1/2/1951,F,Single,US Citizen,No,White,9/29/2014,Active,Production       ,Michael Albert,22.0,Search Engine - Google Bing Yahoo,Fully Meets,5.0,4,0,1
"Crimmings,   Jean",1311063172,0,0,0,2,2,1,0,96,0,19,Software Engineer,CA,1821,4/10/1987,F,Single,US Citizen,No,White,7/6/2016,Future Start,Production       ,Michael Albert,22.0,Newspager/Magazine,Fully Meets,4.12,5,0,2
"Estremera, Miguel",1104025243,0,0,1,4,1,1,0,94,1,19,Software Engineer,MN,2129,9/2/1983,M ,Single,US Citizen,No,White,4/2/2012,Terminated for Cause,Production       ,Michael Albert,22.0,Word of Mouth,Needs Improvement,5.0,4,0,2
"Gentry, Mildred",1501072192,1,1,0,1,6,3,0,87,0,19,Software Engineer,CA,2145,10/1/1990,F,Married,US Citizen,No,Black or African American,3/30/2015,Active,Production       ,Michael Albert,22.0,Professional Society,Fully Meets,3.73,3,0,2
"Handschiegl, Joanne",1405067064,1,1,0,1,1,1,0,91,0,19,Software Engineer,CA,2127,3/23/1977,F,Married,US Citizen,No,White,11/28/2011,Active,Production       ,Michael Albert,22.0,Word of Mouth,Fully Meets,4.2,4,0,2
"Johnson, George",1105025721,1,1,1,5,1,1,0,94,1,19,Software Engineer,GA,2445,8/19/1959,M ,Married,US Citizen,No,White,11/7/2011,Voluntarily Terminated,Production       ,Michael Albert,22.0,Monster.com,Exceeds,1.65,4,0,2
"Keatts, Kramer ",1301052462,0,0,1,1,6,1,0,94,0,19,Software Engineer,KY,1887,1/19/1976,M ,Single,US Citizen,No,White,9/30/2013,Active,Production       ,Michael Albert,22.0,Billboard,Fully Meets,3.07,4,0,2
"Linares, Marilyn ",1206042315,1,1,0,5,1,2,0,85,1,19,Software Engineer,NV,1886,3/26/1981,F,Married,US Citizen,No,White,7/5/2011,Voluntarily Terminated,Production       ,Michael Albert,22.0,Internet Search,Fully Meets,3.18,4,0,1
"Medeiros, Jennifer",1109029256,0,0,0,1,2,3,0,87,0,19,Software Engineer,IN,2346,9/22/1976,F,Single,US Citizen,No,White,3/30/2015,Active,Production       ,Michael Albert,22.0,Monster.com,Fully Meets,5.0,4,0,2
"Owad, Clinton",1103024335,0,0,1,1,2,1,0,83,0,19,Software Engineer,WV,1760,11/24/1979,M ,Single,US Citizen,No,Black or African American,2/17/2014,Active,Production       ,Michael Albert,22.0,MBTA ads,Needs Improvement,4.25,3,0,1
"Rarrick, Quinn",1208048229,0,2,1,5,2,4,0,89,1,19,Software Engineer,KS,2478,12/31/1984,M ,Divorced,US Citizen,No,White,9/26/2011,Voluntarily Terminated,Production       ,Michael Albert,22.0,Pay Per Click - Google,Fully Meets,3.8,5,0,2
"Sadki, Nore  ",1308060535,0,0,1,5,2,2,0,99,1,19,Software Engineer,NE,2148,12/21/1974,M ,Single,US Citizen,No,White,1/5/2009,Voluntarily Terminated,Production       ,Michael Albert,22.0,Word of Mouth,Fully Meets,1.53,5,0,1
"Sullivan, Timothy",1201031310,1,1,1,1,5,1,0,88,0,19,Software Engineer,NV,2747,10/7/1982,M ,Married,US Citizen,Yes,White,1/5/2015,Active,Production       ,Michael Albert,22.0,Word of Mouth,Fully Meets,4.36,5,0,1
"Von Massenbach, Anna",1106026474,0,0,0,2,5,4,0,91,0,19,Software Engineer,ND,2124,4/6/1985,F,Single,US Citizen,No,White,7/5/2015,Future Start,Production       ,Michael Albert,22.0,Newspager/Magazine,Fully Meets,3.21,3,0,1
"Anderson, Carol ",1001417624,0,2,0,5,1,3,0,95,1,19,Software Engineer,VA,2169,9/8/1989,F,Divorced,US Citizen,No,White,7/11/2011,Voluntarily Terminated,Production       ,Webster Butler,39.0,Word of Mouth,Fully Meets,5.0,4,0,1
"Becker, Scott",1110029777,0,0,1,3,4,2,0,100,0,19,Software Engineer,TX,2452,4/6/1979,M ,Single,US Citizen,No,Asian,7/8/2013,Leave of Absence,Production       ,Webster Butler,,MBTA ads,Fully Meets,1.09,4,0,1
"Chang, Donovan  E",1111030129,0,0,1,1,6,2,0,100,0,19,Software Engineer,CA,1845,8/24/1983,M ,Single,US Citizen,No,White,7/8/2013,Active,Production       ,Webster Butler,,Newspager/Magazine,Fully Meets,3.8,5,0,2
"DeGweck,  James",1306058816,1,1,1,5,5,3,0,93,1,19,Software Engineer,UT,1810,10/31/1977,M ,Married,US Citizen,No,White,5/16/2011,Voluntarily Terminated,Production       ,Webster Butler,39.0,Billboard,Fully Meets,5.0,4,0,1
"Ferguson, Susan",1502072511,1,1,0,5,5,4,0,86,1,19,Software Engineer,TX,2176,4/14/1955,F,Married,US Citizen,No,White,11/7/2011,Voluntarily Terminated,Production       ,Webster Butler,39.0,Search Engine - Google Bing Yahoo,Fully Meets,3.13,3,0,1
"Gilles, Alex",1008020960,1,1,1,5,5,1,1,93,1,19,Software Engineer,KS,2062,8/9/1974,M ,Married,US Citizen,No,Black or African American,4/2/2012,Voluntarily Terminated,Production       ,Webster Butler,39.0,Diversity Job Fair,Needs Improvement,3.97,4,0,2
"Harrington, Christie ",1110029602,0,0,0,5,3,2,0,97,1,19,Software Engineer,TX,2324,8/18/1952,F,Single,US Citizen,No,White,1/9/2012,Voluntarily Terminated,Production       ,Webster Butler,39.0,Monster.com,Fully Meets,4.64,4,0,1
"Kinsella, Kathleen  ",710007401,1,1,0,5,3,1,0,87,1,19,Software Engineer,ID,2170,12/8/1973,F,Married,US Citizen,No,White,9/26/2011,Voluntarily Terminated,Production       ,Webster Butler,39.0,Search Engine - Google Bing Yahoo,Fully Meets,3.6,5,0,2
"Lynch, Lindsay",1001138521,0,0,0,5,4,4,1,98,1,19,Software Engineer,NY,1844,2/14/1973,F,Single,US Citizen,Yes,Two or more races,11/7/2011,Voluntarily Terminated,Production       ,Webster Butler,39.0,Diversity Job Fair,Exceeds,5.0,4,0,1
"Ndzi, Colombui",1204033041,0,0,1,5,5,1,1,84,1,19,Software Engineer,LA,2110,5/2/1989,M ,Single,US Citizen,No,Black or African American,9/26/2011,Voluntarily Terminated,Production       ,Webster Butler,39.0,Diversity Job Fair,Fully Meets,2.61,3,0,2
"Pelech, Emil",1307060058,0,0,1,5,3,3,0,100,1,19,Software Engineer,MD,2458,3/17/1988,M ,Single,US Citizen,No,Black or African American,1/10/2011,Voluntarily Terminated,Production       ,Webster Butler,39.0,Search Engine - Google Bing Yahoo,Needs Improvement,3.54,5,0,2
"Rivera, Haley  ",1405067642,1,1,0,1,1,1,0,81,0,19,Software Engineer,TX,2171,1/12/1973,F,Married,US Citizen,No,Asian,11/28/2011,Active,Production       ,Webster Butler,,Search Engine - Google Bing Yahoo,Exceeds,4.36,5,0,1
"Sewkumar, Nori",807010161,0,0,0,3,4,3,0,87,0,19,Software Engineer,TX,2191,3/10/1975,F,Single,US Citizen,No,Asian,9/30/2013,Leave of Absence,Production       ,Webster Butler,,Search Engine - Google Bing Yahoo,Fully Meets,5.0,5,0,1
"Tavares, Desiree  ",1405067501,1,1,0,5,4,1,1,84,1,19,Software Engineer,ID,1801,4/3/1975,F,Married,Non-Citizen,No,Two or more races,4/27/2009,Voluntarily Terminated,Production       ,Webster Butler,39.0,Diversity Job Fair,Fully Meets,2.52,5,0,2
"Whittier, Scott",1307060212,0,0,1,5,4,2,0,83,1,19,Software Engineer,CA,2030,5/24/1987,M ,Single,US Citizen,Yes,White,1/10/2011,Voluntarily Terminated,Production       ,Webster Butler,39.0,Newspager/Magazine,Fully Meets,5.0,5,0,2
"Andreola, Colby",1107027358,0,0,0,1,3,1,0,84,0,24,Software Engineer,MN,2110,5/24/1979,F,Single,US Citizen,No,White,11/10/2014,Active,Testerng,Alex Sweetwater,10.0,Vendor Referral,Fully Meets,3.04,3,4,0
"Carabbio, Judith",1101023577,0,0,0,1,2,3,0,82,0,24,Software Engineer,DC,2132,4/5/1987,F,Single,US Citizen,No,White,11/11/2013,Active,Testerng,Alex Sweetwater,10.0,Pay Per Click - Google,Fully Meets,4.96,4,6,0
"Del Bosque, Keyla",1203032498,0,0,0,1,1,2,0,80,0,24,Software Engineer,NY,2176,7/5/1979,F,Single,US Citizen,No,Black or African American,1/9/2012,Active,Testerng,Alex Sweetwater,10.0,Monster.com,Fully Meets,3.79,5,5,0
"Exantus, Susan",1401064670,1,1,0,4,4,4,0,80,1,24,Software Engineer,CT,1749,5/15/1987,F,Married,US Citizen,No,Black or African American,5/2/2011,Terminated for Cause,Testerng,Alex Sweetwater,10.0,Billboard,Needs Improvement,2.55,5,4,2
"Martin, Sandra",1303054625,0,0,0,1,5,3,0,94,0,24,Software Engineer,IA,2135,11/7/1987,F,Single,US Citizen,No,Asian,11/11/2013,Active,Testerng,Alex Sweetwater,10.0,Search Engine - Google Bing Yahoo,Fully Meets,1.53,5,4,0
"Patronick, Luke",1112030979,0,0,1,5,1,2,1,80,1,24,Software Engineer,CA,1844,2/20/1979,M ,Single,US Citizen,No,Asian,11/7/2011,Voluntarily Terminated,Testerng,Alex Sweetwater,10.0,Diversity Job Fair,Exceeds,1.1,5,3,2
"Saada, Adell",1012023185,1,1,0,1,2,4,0,84,0,24,Software Engineer,MN,2132,7/24/1986,F,Married,US Citizen,No,White,11/5/2012,Active,Testerng,Alex Sweetwater,10.0,Pay Per Click - Google,Fully Meets,1.74,3,6,0
"Szabo, Andrew",1201031324,0,0,1,1,2,4,0,84,0,24,Software Engineer,MS,2140,5/6/1983,M ,Single,US Citizen,No,White,7/7/2014,Active,Testerng,Alex Sweetwater,10.0,MBTA ads,Exceeds,2.61,5,5,0
"True, Edward",1102024057,0,0,1,5,5,2,1,93,1,24,Software Engineer,FL,2451,6/14/1983,M ,Single,Non-Citizen,No,Black or African American,2/18/2013,Voluntarily Terminated,Testerng,Alex Sweetwater,10.0,Diversity Job Fair,Fully Meets,1.11,3,4,0
